=== Building TileSpGEMM ===
nvcc -O3 -w -gencode=arch=compute_75,code=sm_75 -gencode=arch=compute_80,code=sm_80 -gencode=arch=compute_86,code=sm_86 -Xcompiler -fopenmp -Xcompiler -mfma main.cu -o test -I/uufs/chpc.utah.edu/sys/spack/linux-rocky8-nehalem/gcc-8.5.0/cuda-11.8.0-3wlxktsbgw2ui4wvdnsy7w7xyxlkkwju/include -L/uufs/chpc.utah.edu/sys/spack/linux-rocky8-nehalem/gcc-8.5.0/cuda-11.8.0-3wlxktsbgw2ui4wvdnsy7w7xyxlkkwju/lib64  -lcudart  -lcusparse  -D VALUE_TYPE=double
=== TileSpGEMM Full Benchmark ===
Date: Sun Mar 29 18:50:03 MDT 2026
NVIDIA A100 80GB PCIe, 81920 MiB
==========================================

=== C=A^2: 3Dspectralwave2 ===
--------------------------------!!!!!!!!------------------------------------
device_id = 0
---------------------------------------------------------------
Device [ 0 ] NVIDIA A100 80GB PCIe @ 1410.00 MHz
MAT: -------------- /scratch/general/vast/u1446071/spgemm_matrices/3Dspectralwave2.mtx --------------
input matrix A: ( 292008, 292008 ) nnz = 14322744
 loadfile time    = 4.20777 sec
the tilesize = 16
SpGEMM nnzCub = 841238568
CSR to Tile conversion uses 118.08 ms
tile space overhead = 176.01 MB
step1 ----Calculate the number and tile-column index of tiles of matrixC---
step1 ---------------------- Runtime is  9.16 ms-------------------------

step2 --------Calculate the number of nonzeros of each tile of matrixC-----
step2 ---------------------- Runtime is  26.41 ms-------------------------

step3 ---------Calculate the val&col of nonzeros of matrixC-------------
step3 ---------------------- Runtime is  72.85 ms------------------------

-----------------------Malloc uses 1.14 ms-------------------------------
Non-empty tiles of C = 7954275
nnzC = 205156605
CUDA  TileSpGEMM runtime is 109.63 ms, gflops = 15.35

=== C=A^2: 3Dspectralwave ===
--------------------------------!!!!!!!!------------------------------------
device_id = 0
---------------------------------------------------------------
Device [ 0 ] NVIDIA A100 80GB PCIe @ 1410.00 MHz
MAT: -------------- /scratch/general/vast/u1446071/spgemm_matrices/3Dspectralwave.mtx --------------
input matrix A: ( 680943, 680943 ) nnz = 33650589
 loadfile time    = 9.43286 sec
the tilesize = 16
SpGEMM nnzCub = 1994630673
CSR to Tile conversion uses 252.55 ms
tile space overhead = 412.89 MB
step1 ----Calculate the number and tile-column index of tiles of matrixC---
step1 ---------------------- Runtime is  7.78 ms-------------------------

step2 --------Calculate the number of nonzeros of each tile of matrixC-----
step2 ---------------------- Runtime is  61.82 ms-------------------------

step3 ---------Calculate the val&col of nonzeros of matrixC-------------
step3 ---------------------- Runtime is  174.58 ms------------------------

-----------------------Malloc uses 1.45 ms-------------------------------
Non-empty tiles of C = 18856155
nnzC = 492790202
CUDA  TileSpGEMM runtime is 245.70 ms, gflops = 16.24

=== C=A^2: 3dtube ===
--------------------------------!!!!!!!!------------------------------------
device_id = 0
---------------------------------------------------------------
Device [ 0 ] NVIDIA A100 80GB PCIe @ 1410.00 MHz
MAT: -------------- /scratch/general/vast/u1446071/spgemm_matrices/3dtube.mtx --------------
input matrix A: ( 45330, 45330 ) nnz = 3213618
 loadfile time    = 0.26663 sec
the tilesize = 16
SpGEMM nnzCub = 299381624
CSR to Tile conversion uses 65.95 ms
tile space overhead = 31.05 MB
step1 ----Calculate the number and tile-column index of tiles of matrixC---
step1 ---------------------- Runtime is  1.12 ms-------------------------

step2 --------Calculate the number of nonzeros of each tile of matrixC-----
step2 ---------------------- Runtime is  1.33 ms-------------------------

step3 ---------Calculate the val&col of nonzeros of matrixC-------------
step3 ---------------------- Runtime is  14.77 ms------------------------

-----------------------Malloc uses 0.83 ms-------------------------------
Non-empty tiles of C = 308362
nnzC = 23785248
CUDA  TileSpGEMM runtime is 18.10 ms, gflops = 33.09

=== C=A^2: af_0_k101 ===
--------------------------------!!!!!!!!------------------------------------
device_id = 0
---------------------------------------------------------------
Device [ 0 ] NVIDIA A100 80GB PCIe @ 1410.00 MHz
MAT: -------------- /scratch/general/vast/u1446071/spgemm_matrices/af_0_k101.mtx --------------
input matrix A: ( 503625, 503625 ) nnz = 17550675
 loadfile time    = 4.10802 sec
the tilesize = 16
SpGEMM nnzCub = 612413375
CSR to Tile conversion uses 131.93 ms
tile space overhead = 164.52 MB
step1 ----Calculate the number and tile-column index of tiles of matrixC---
step1 ---------------------- Runtime is  1.72 ms-------------------------

step2 --------Calculate the number of nonzeros of each tile of matrixC-----
step2 ---------------------- Runtime is  1.67 ms-------------------------

step3 ---------Calculate the val&col of nonzeros of matrixC-------------
step3 ---------------------- Runtime is  22.36 ms------------------------

-----------------------Malloc uses 0.90 ms-------------------------------
Non-empty tiles of C = 734993
nnzC = 37850398
CUDA  TileSpGEMM runtime is 26.70 ms, gflops = 45.88

=== C=A^2: af_1_k101 ===
--------------------------------!!!!!!!!------------------------------------
device_id = 0
---------------------------------------------------------------
Device [ 0 ] NVIDIA A100 80GB PCIe @ 1410.00 MHz
MAT: -------------- /scratch/general/vast/u1446071/spgemm_matrices/af_1_k101.mtx --------------
input matrix A: ( 503625, 503625 ) nnz = 17550675
 loadfile time    = 4.04708 sec
the tilesize = 16
SpGEMM nnzCub = 612413375
CSR to Tile conversion uses 128.14 ms
tile space overhead = 164.52 MB
step1 ----Calculate the number and tile-column index of tiles of matrixC---
step1 ---------------------- Runtime is  1.69 ms-------------------------

step2 --------Calculate the number of nonzeros of each tile of matrixC-----
step2 ---------------------- Runtime is  1.68 ms-------------------------

step3 ---------Calculate the val&col of nonzeros of matrixC-------------
step3 ---------------------- Runtime is  22.25 ms------------------------

-----------------------Malloc uses 0.87 ms-------------------------------
Non-empty tiles of C = 734993
nnzC = 37857337
CUDA  TileSpGEMM runtime is 26.54 ms, gflops = 46.15

=== C=A^2: af_2_k101 ===
--------------------------------!!!!!!!!------------------------------------
device_id = 0
---------------------------------------------------------------
Device [ 0 ] NVIDIA A100 80GB PCIe @ 1410.00 MHz
MAT: -------------- /scratch/general/vast/u1446071/spgemm_matrices/af_2_k101.mtx --------------
input matrix A: ( 503625, 503625 ) nnz = 17550675
 loadfile time    = 4.01590 sec
the tilesize = 16
SpGEMM nnzCub = 612413375
CSR to Tile conversion uses 125.76 ms
tile space overhead = 164.52 MB
step1 ----Calculate the number and tile-column index of tiles of matrixC---
step1 ---------------------- Runtime is  1.78 ms-------------------------

step2 --------Calculate the number of nonzeros of each tile of matrixC-----
step2 ---------------------- Runtime is  1.86 ms-------------------------

step3 ---------Calculate the val&col of nonzeros of matrixC-------------
step3 ---------------------- Runtime is  22.62 ms------------------------

-----------------------Malloc uses 1.00 ms-------------------------------
Non-empty tiles of C = 734993
nnzC = 37854508
CUDA  TileSpGEMM runtime is 27.31 ms, gflops = 44.84

=== C=A^2: af_3_k101 ===
--------------------------------!!!!!!!!------------------------------------
device_id = 0
---------------------------------------------------------------
Device [ 0 ] NVIDIA A100 80GB PCIe @ 1410.00 MHz
MAT: -------------- /scratch/general/vast/u1446071/spgemm_matrices/af_3_k101.mtx --------------
input matrix A: ( 503625, 503625 ) nnz = 17550675
 loadfile time    = 4.01740 sec
the tilesize = 16
SpGEMM nnzCub = 612413375
CSR to Tile conversion uses 113.51 ms
tile space overhead = 164.52 MB
step1 ----Calculate the number and tile-column index of tiles of matrixC---
step1 ---------------------- Runtime is  1.70 ms-------------------------

step2 --------Calculate the number of nonzeros of each tile of matrixC-----
step2 ---------------------- Runtime is  1.63 ms-------------------------

step3 ---------Calculate the val&col of nonzeros of matrixC-------------
step3 ---------------------- Runtime is  22.50 ms------------------------

-----------------------Malloc uses 0.91 ms-------------------------------
Non-empty tiles of C = 734993
nnzC = 37842197
CUDA  TileSpGEMM runtime is 26.79 ms, gflops = 45.72

=== C=A^2: af_4_k101 ===
--------------------------------!!!!!!!!------------------------------------
device_id = 0
---------------------------------------------------------------
Device [ 0 ] NVIDIA A100 80GB PCIe @ 1410.00 MHz
MAT: -------------- /scratch/general/vast/u1446071/spgemm_matrices/af_4_k101.mtx --------------
input matrix A: ( 503625, 503625 ) nnz = 17550675
 loadfile time    = 4.03277 sec
the tilesize = 16
SpGEMM nnzCub = 612413375
CSR to Tile conversion uses 125.56 ms
tile space overhead = 164.52 MB
step1 ----Calculate the number and tile-column index of tiles of matrixC---
step1 ---------------------- Runtime is  1.70 ms-------------------------

step2 --------Calculate the number of nonzeros of each tile of matrixC-----
step2 ---------------------- Runtime is  1.59 ms-------------------------

step3 ---------Calculate the val&col of nonzeros of matrixC-------------
step3 ---------------------- Runtime is  22.19 ms------------------------

-----------------------Malloc uses 0.93 ms-------------------------------
Non-empty tiles of C = 734993
nnzC = 37849609
CUDA  TileSpGEMM runtime is 26.47 ms, gflops = 46.27

=== C=A^2: af_5_k101 ===
--------------------------------!!!!!!!!------------------------------------
device_id = 0
---------------------------------------------------------------
Device [ 0 ] NVIDIA A100 80GB PCIe @ 1410.00 MHz
MAT: -------------- /scratch/general/vast/u1446071/spgemm_matrices/af_5_k101.mtx --------------
input matrix A: ( 503625, 503625 ) nnz = 17550675
 loadfile time    = 4.04538 sec
the tilesize = 16
SpGEMM nnzCub = 612413375
CSR to Tile conversion uses 140.71 ms
tile space overhead = 164.52 MB
step1 ----Calculate the number and tile-column index of tiles of matrixC---
step1 ---------------------- Runtime is  1.69 ms-------------------------

step2 --------Calculate the number of nonzeros of each tile of matrixC-----
step2 ---------------------- Runtime is  1.60 ms-------------------------

step3 ---------Calculate the val&col of nonzeros of matrixC-------------
step3 ---------------------- Runtime is  22.56 ms------------------------

-----------------------Malloc uses 0.88 ms-------------------------------
Non-empty tiles of C = 734993
nnzC = 37842218
CUDA  TileSpGEMM runtime is 26.78 ms, gflops = 45.74

=== C=A^2: af_shell10 ===
--------------------------------!!!!!!!!------------------------------------
device_id = 0
---------------------------------------------------------------
Device [ 0 ] NVIDIA A100 80GB PCIe @ 1410.00 MHz
MAT: -------------- /scratch/general/vast/u1446071/spgemm_matrices/af_shell10.mtx --------------
input matrix A: ( 1508065, 1508065 ) nnz = 52672325
 loadfile time    = 10.20339 sec
the tilesize = 16
SpGEMM nnzCub = 1840916875
CSR to Tile conversion uses 273.63 ms
tile space overhead = 495.69 MB
step1 ----Calculate the number and tile-column index of tiles of matrixC---
step1 ---------------------- Runtime is  2.62 ms-------------------------

step2 --------Calculate the number of nonzeros of each tile of matrixC-----
step2 ---------------------- Runtime is  4.54 ms-------------------------

step3 ---------Calculate the val&col of nonzeros of matrixC-------------
step3 ---------------------- Runtime is  63.17 ms------------------------

-----------------------Malloc uses 0.94 ms-------------------------------
Non-empty tiles of C = 2257717
nnzC = 102735981
CUDA  TileSpGEMM runtime is 71.32 ms, gflops = 51.62

=== C=A^2: af_shell1 ===
--------------------------------!!!!!!!!------------------------------------
device_id = 0
---------------------------------------------------------------
Device [ 0 ] NVIDIA A100 80GB PCIe @ 1410.00 MHz
MAT: -------------- /scratch/general/vast/u1446071/spgemm_matrices/af_shell1.mtx --------------
input matrix A: ( 504855, 504855 ) nnz = 17588875
 loadfile time    = 3.24050 sec
the tilesize = 16
SpGEMM nnzCub = 613607875
CSR to Tile conversion uses 151.70 ms
tile space overhead = 164.56 MB
step1 ----Calculate the number and tile-column index of tiles of matrixC---
step1 ---------------------- Runtime is  1.78 ms-------------------------

step2 --------Calculate the number of nonzeros of each tile of matrixC-----
step2 ---------------------- Runtime is  1.89 ms-------------------------

step3 ---------Calculate the val&col of nonzeros of matrixC-------------
step3 ---------------------- Runtime is  19.65 ms------------------------

-----------------------Malloc uses 0.91 ms-------------------------------
Non-empty tiles of C = 718304
nnzC = 40726765
CUDA  TileSpGEMM runtime is 24.29 ms, gflops = 50.53

=== C=A^2: af_shell2 ===
--------------------------------!!!!!!!!------------------------------------
device_id = 0
---------------------------------------------------------------
Device [ 0 ] NVIDIA A100 80GB PCIe @ 1410.00 MHz
MAT: -------------- /scratch/general/vast/u1446071/spgemm_matrices/af_shell2.mtx --------------
input matrix A: ( 504855, 504855 ) nnz = 17588875
 loadfile time    = 3.24314 sec
the tilesize = 16
SpGEMM nnzCub = 613607875
CSR to Tile conversion uses 139.25 ms
tile space overhead = 164.56 MB
step1 ----Calculate the number and tile-column index of tiles of matrixC---
step1 ---------------------- Runtime is  1.77 ms-------------------------

step2 --------Calculate the number of nonzeros of each tile of matrixC-----
step2 ---------------------- Runtime is  1.63 ms-------------------------

step3 ---------Calculate the val&col of nonzeros of matrixC-------------
step3 ---------------------- Runtime is  19.50 ms------------------------

-----------------------Malloc uses 0.91 ms-------------------------------
Non-empty tiles of C = 718304
nnzC = 40721318
CUDA  TileSpGEMM runtime is 23.86 ms, gflops = 51.44

=== C=A^2: af_shell3 ===
--------------------------------!!!!!!!!------------------------------------
device_id = 0
---------------------------------------------------------------
Device [ 0 ] NVIDIA A100 80GB PCIe @ 1410.00 MHz
MAT: -------------- /scratch/general/vast/u1446071/spgemm_matrices/af_shell3.mtx --------------
input matrix A: ( 504855, 504855 ) nnz = 17588875
 loadfile time    = 3.25853 sec
the tilesize = 16
SpGEMM nnzCub = 613607875
CSR to Tile conversion uses 147.74 ms
tile space overhead = 164.56 MB
step1 ----Calculate the number and tile-column index of tiles of matrixC---
step1 ---------------------- Runtime is  1.78 ms-------------------------

step2 --------Calculate the number of nonzeros of each tile of matrixC-----
step2 ---------------------- Runtime is  1.64 ms-------------------------

step3 ---------Calculate the val&col of nonzeros of matrixC-------------
step3 ---------------------- Runtime is  19.72 ms------------------------

-----------------------Malloc uses 0.88 ms-------------------------------
Non-empty tiles of C = 718304
nnzC = 40749115
CUDA  TileSpGEMM runtime is 24.06 ms, gflops = 51.00

=== C=A^2: af_shell4 ===
--------------------------------!!!!!!!!------------------------------------
device_id = 0
---------------------------------------------------------------
Device [ 0 ] NVIDIA A100 80GB PCIe @ 1410.00 MHz
MAT: -------------- /scratch/general/vast/u1446071/spgemm_matrices/af_shell4.mtx --------------
input matrix A: ( 504855, 504855 ) nnz = 17588875
 loadfile time    = 3.27281 sec
the tilesize = 16
SpGEMM nnzCub = 613607875
CSR to Tile conversion uses 125.83 ms
tile space overhead = 164.56 MB
step1 ----Calculate the number and tile-column index of tiles of matrixC---
step1 ---------------------- Runtime is  1.77 ms-------------------------

step2 --------Calculate the number of nonzeros of each tile of matrixC-----
step2 ---------------------- Runtime is  1.72 ms-------------------------

step3 ---------Calculate the val&col of nonzeros of matrixC-------------
step3 ---------------------- Runtime is  20.22 ms------------------------

-----------------------Malloc uses 0.90 ms-------------------------------
Non-empty tiles of C = 718304
nnzC = 40720979
CUDA  TileSpGEMM runtime is 24.65 ms, gflops = 49.78

=== C=A^2: af_shell5 ===
--------------------------------!!!!!!!!------------------------------------
device_id = 0
---------------------------------------------------------------
Device [ 0 ] NVIDIA A100 80GB PCIe @ 1410.00 MHz
MAT: -------------- /scratch/general/vast/u1446071/spgemm_matrices/af_shell5.mtx --------------
input matrix A: ( 504855, 504855 ) nnz = 17588875
 loadfile time    = 3.25386 sec
the tilesize = 16
SpGEMM nnzCub = 613607875
CSR to Tile conversion uses 151.93 ms
tile space overhead = 164.56 MB
step1 ----Calculate the number and tile-column index of tiles of matrixC---
step1 ---------------------- Runtime is  1.75 ms-------------------------

step2 --------Calculate the number of nonzeros of each tile of matrixC-----
step2 ---------------------- Runtime is  1.59 ms-------------------------

step3 ---------Calculate the val&col of nonzeros of matrixC-------------
step3 ---------------------- Runtime is  20.26 ms------------------------

-----------------------Malloc uses 0.90 ms-------------------------------
Non-empty tiles of C = 718304
nnzC = 40745663
CUDA  TileSpGEMM runtime is 24.56 ms, gflops = 49.97

=== C=A^2: af_shell6 ===
--------------------------------!!!!!!!!------------------------------------
device_id = 0
---------------------------------------------------------------
Device [ 0 ] NVIDIA A100 80GB PCIe @ 1410.00 MHz
MAT: -------------- /scratch/general/vast/u1446071/spgemm_matrices/af_shell6.mtx --------------
input matrix A: ( 504855, 504855 ) nnz = 17588875
 loadfile time    = 3.25880 sec
the tilesize = 16
SpGEMM nnzCub = 613607875
CSR to Tile conversion uses 130.62 ms
tile space overhead = 164.56 MB
step1 ----Calculate the number and tile-column index of tiles of matrixC---
step1 ---------------------- Runtime is  1.74 ms-------------------------

step2 --------Calculate the number of nonzeros of each tile of matrixC-----
step2 ---------------------- Runtime is  1.67 ms-------------------------

step3 ---------Calculate the val&col of nonzeros of matrixC-------------
step3 ---------------------- Runtime is  19.96 ms------------------------

-----------------------Malloc uses 0.85 ms-------------------------------
Non-empty tiles of C = 718304
nnzC = 40725944
CUDA  TileSpGEMM runtime is 24.27 ms, gflops = 50.57

=== C=A^2: af_shell7 ===
--------------------------------!!!!!!!!------------------------------------
device_id = 0
---------------------------------------------------------------
Device [ 0 ] NVIDIA A100 80GB PCIe @ 1410.00 MHz
MAT: -------------- /scratch/general/vast/u1446071/spgemm_matrices/af_shell7.mtx --------------
input matrix A: ( 504855, 504855 ) nnz = 17588875
 loadfile time    = 3.24809 sec
the tilesize = 16
SpGEMM nnzCub = 613607875
CSR to Tile conversion uses 195.27 ms
tile space overhead = 164.56 MB
step1 ----Calculate the number and tile-column index of tiles of matrixC---
step1 ---------------------- Runtime is  1.75 ms-------------------------

step2 --------Calculate the number of nonzeros of each tile of matrixC-----
step2 ---------------------- Runtime is  1.60 ms-------------------------

step3 ---------Calculate the val&col of nonzeros of matrixC-------------
step3 ---------------------- Runtime is  19.86 ms------------------------

-----------------------Malloc uses 0.88 ms-------------------------------
Non-empty tiles of C = 718304
nnzC = 40752194
CUDA  TileSpGEMM runtime is 24.14 ms, gflops = 50.84

=== C=A^2: af_shell8 ===
--------------------------------!!!!!!!!------------------------------------
device_id = 0
---------------------------------------------------------------
Device [ 0 ] NVIDIA A100 80GB PCIe @ 1410.00 MHz
MAT: -------------- /scratch/general/vast/u1446071/spgemm_matrices/af_shell8.mtx --------------
input matrix A: ( 504855, 504855 ) nnz = 17588875
 loadfile time    = 3.24115 sec
the tilesize = 16
SpGEMM nnzCub = 613607875
CSR to Tile conversion uses 112.61 ms
tile space overhead = 164.56 MB
step1 ----Calculate the number and tile-column index of tiles of matrixC---
step1 ---------------------- Runtime is  1.78 ms-------------------------

step2 --------Calculate the number of nonzeros of each tile of matrixC-----
step2 ---------------------- Runtime is  1.65 ms-------------------------

step3 ---------Calculate the val&col of nonzeros of matrixC-------------
step3 ---------------------- Runtime is  20.36 ms------------------------

-----------------------Malloc uses 0.88 ms-------------------------------
Non-empty tiles of C = 718304
nnzC = 40724368
CUDA  TileSpGEMM runtime is 24.71 ms, gflops = 49.66

=== C=A^2: af_shell9 ===
--------------------------------!!!!!!!!------------------------------------
device_id = 0
---------------------------------------------------------------
Device [ 0 ] NVIDIA A100 80GB PCIe @ 1410.00 MHz
MAT: -------------- /scratch/general/vast/u1446071/spgemm_matrices/af_shell9.mtx --------------
input matrix A: ( 504855, 504855 ) nnz = 17588875
 loadfile time    = 3.55179 sec
the tilesize = 16
SpGEMM nnzCub = 613607875
CSR to Tile conversion uses 112.27 ms
tile space overhead = 164.56 MB
step1 ----Calculate the number and tile-column index of tiles of matrixC---
step1 ---------------------- Runtime is  1.77 ms-------------------------

step2 --------Calculate the number of nonzeros of each tile of matrixC-----
step2 ---------------------- Runtime is  1.67 ms-------------------------

step3 ---------Calculate the val&col of nonzeros of matrixC-------------
step3 ---------------------- Runtime is  19.58 ms------------------------

-----------------------Malloc uses 0.89 ms-------------------------------
Non-empty tiles of C = 718304
nnzC = 40723569
CUDA  TileSpGEMM runtime is 23.95 ms, gflops = 51.25

=== C=A^2: appu ===
--------------------------------!!!!!!!!------------------------------------
device_id = 0
---------------------------------------------------------------
Device [ 0 ] NVIDIA A100 80GB PCIe @ 1410.00 MHz
MAT: -------------- /scratch/general/vast/u1446071/spgemm_matrices/appu.mtx --------------
input matrix A: ( 14000, 14000 ) nnz = 1853104
 loadfile time    = 0.73833 sec
the tilesize = 16
SpGEMM nnzCub = 263931154
CSR to Tile conversion uses 209.24 ms
tile space overhead = 53.04 MB
step1 ----Calculate the number and tile-column index of tiles of matrixC---
step1 ---------------------- Runtime is  9.55 ms-------------------------

step2 --------Calculate the number of nonzeros of each tile of matrixC-----
step2 ---------------------- Runtime is  59.99 ms-------------------------

step3 ---------Calculate the val&col of nonzeros of matrixC-------------
step3 ---------------------- Runtime is  314.75 ms------------------------

-----------------------Malloc uses 0.97 ms-------------------------------
Non-empty tiles of C = 765625
nnzC = 133137482
CUDA  TileSpGEMM runtime is 385.32 ms, gflops = 1.37

=== C=A^2: arabic-2005 ===
--------------------------------!!!!!!!!------------------------------------
device_id = 0
---------------------------------------------------------------
Device [ 0 ] NVIDIA A100 80GB PCIe @ 1410.00 MHz
MAT: -------------- /scratch/general/vast/u1446071/spgemm_matrices/arabic-2005.mtx --------------
input matrix A: ( 22744080, 22744080 ) nnz = 639999458
 loadfile time    = 122.75231 sec
the tilesize = 16
SpGEMM nnzCub = 145037101189
CSR to Tile conversion uses 5392.62 ms
tile space overhead = 6914.64 MB
step1 ----Calculate the number and tile-column index of tiles of matrixC---
step1 ---------------------- Runtime is  557.09 ms-------------------------
d_blkcsr_Ptr_C failed
d_blkmaskC failed
terminate called after throwing an instance of 'thrust::system::detail::bad_alloc'
  what():  std::bad_alloc: cudaErrorIllegalAddress: an illegal memory access was encountered
timeout: the monitored command dumped core
[ERROR] arabic-2005 A^2 failed (exit=134)

=== C=A^2: as-Skitter ===
--------------------------------!!!!!!!!------------------------------------
device_id = 0
---------------------------------------------------------------
Device [ 0 ] NVIDIA A100 80GB PCIe @ 1410.00 MHz
MAT: -------------- /scratch/general/vast/u1446071/spgemm_matrices/as-Skitter.mtx --------------
input matrix A: ( 1696415, 1696415 ) nnz = 22190596
 loadfile time    = 2.05895 sec
the tilesize = 16
SpGEMM nnzCub = 32065521958
CSR to Tile conversion uses 4536.50 ms
tile space overhead = 580.18 MB
CUDA error 700 [/uufs/chpc.utah.edu/sys/spack/linux-rocky8-nehalem/gcc-8.5.0/cuda-11.8.0-3wlxktsbgw2ui4wvdnsy7w7xyxlkkwju/include/cub/block/../iterator/../util_device.cuh, 375]: an illegal memory access was encountered
CUDA error 700 [/uufs/chpc.utah.edu/sys/spack/linux-rocky8-nehalem/gcc-8.5.0/cuda-11.8.0-3wlxktsbgw2ui4wvdnsy7w7xyxlkkwju/include/cub/block/../iterator/../util_device.cuh, 469]: an illegal memory access was encountered
CUDA error 700 [/uufs/chpc.utah.edu/sys/spack/linux-rocky8-nehalem/gcc-8.5.0/cuda-11.8.0-3wlxktsbgw2ui4wvdnsy7w7xyxlkkwju/include/cub/device/dispatch/dispatch_scan.cuh, 421]: an illegal memory access was encountered
terminate called after throwing an instance of 'thrust::system::system_error'
  what():  after determining tmp storage requirements for exclusive_scan: cudaErrorIllegalAddress: an illegal memory access was encountered
timeout: the monitored command dumped core
[ERROR] as-Skitter A^2 failed (exit=134)

=== C=A^2: audikw_1 ===
--------------------------------!!!!!!!!------------------------------------
device_id = 0
---------------------------------------------------------------
Device [ 0 ] NVIDIA A100 80GB PCIe @ 1410.00 MHz
MAT: -------------- /scratch/general/vast/u1446071/spgemm_matrices/audikw_1.mtx --------------
input matrix A: ( 943695, 943695 ) nnz = 77651847
 loadfile time    = 16.88397 sec
the tilesize = 16
SpGEMM nnzCub = 8089734897
CSR to Tile conversion uses 752.44 ms
tile space overhead = 796.05 MB
step1 ----Calculate the number and tile-column index of tiles of matrixC---
step1 ---------------------- Runtime is  11.47 ms-------------------------

step2 --------Calculate the number of nonzeros of each tile of matrixC-----
step2 ---------------------- Runtime is  75.83 ms-------------------------

step3 ---------Calculate the val&col of nonzeros of matrixC-------------
step3 ---------------------- Runtime is  255.21 ms------------------------

-----------------------Malloc uses 1.56 ms-------------------------------
Non-empty tiles of C = 32147827
nnzC = 778288943
CUDA  TileSpGEMM runtime is 344.13 ms, gflops = 47.02

=== C=A^2: BenElechi1 ===
--------------------------------!!!!!!!!------------------------------------
device_id = 0
---------------------------------------------------------------
Device [ 0 ] NVIDIA A100 80GB PCIe @ 1410.00 MHz
MAT: -------------- /scratch/general/vast/u1446071/spgemm_matrices/BenElechi1.mtx --------------
input matrix A: ( 245874, 245874 ) nnz = 13150496
 loadfile time    = 2.93653 sec
the tilesize = 16
SpGEMM nnzCub = 705555870
CSR to Tile conversion uses 137.04 ms
tile space overhead = 120.05 MB
step1 ----Calculate the number and tile-column index of tiles of matrixC---
step1 ---------------------- Runtime is  1.25 ms-------------------------

step2 --------Calculate the number of nonzeros of each tile of matrixC-----
step2 ---------------------- Runtime is  0.98 ms-------------------------

step3 ---------Calculate the val&col of nonzeros of matrixC-------------
step3 ---------------------- Runtime is  19.40 ms------------------------

-----------------------Malloc uses 0.84 ms-------------------------------
Non-empty tiles of C = 377678
nnzC = 26340853
CUDA  TileSpGEMM runtime is 22.51 ms, gflops = 62.68

=== C=A^2: bmw3_2 ===
--------------------------------!!!!!!!!------------------------------------
device_id = 0
---------------------------------------------------------------
Device [ 0 ] NVIDIA A100 80GB PCIe @ 1410.00 MHz
MAT: -------------- /scratch/general/vast/u1446071/spgemm_matrices/bmw3_2.mtx --------------
input matrix A: ( 227362, 227362 ) nnz = 11288630
 loadfile time    = 2.09621 sec
the tilesize = 16
SpGEMM nnzCub = 603855148
CSR to Tile conversion uses 106.07 ms
tile space overhead = 109.66 MB
step1 ----Calculate the number and tile-column index of tiles of matrixC---
step1 ---------------------- Runtime is  1.24 ms-------------------------

step2 --------Calculate the number of nonzeros of each tile of matrixC-----
step2 ---------------------- Runtime is  4.51 ms-------------------------

step3 ---------Calculate the val&col of nonzeros of matrixC-------------
step3 ---------------------- Runtime is  21.50 ms------------------------

-----------------------Malloc uses 0.90 ms-------------------------------
Non-empty tiles of C = 1722455
nnzC = 39944632
CUDA  TileSpGEMM runtime is 28.21 ms, gflops = 42.81

=== C=A^2: bmw7st_1 ===
--------------------------------!!!!!!!!------------------------------------
device_id = 0
---------------------------------------------------------------
Device [ 0 ] NVIDIA A100 80GB PCIe @ 1410.00 MHz
MAT: -------------- /scratch/general/vast/u1446071/spgemm_matrices/bmw7st_1.mtx --------------
input matrix A: ( 141347, 141347 ) nnz = 7339667
 loadfile time    = 1.63914 sec
the tilesize = 16
SpGEMM nnzCub = 404009259
CSR to Tile conversion uses 87.21 ms
tile space overhead = 70.55 MB
step1 ----Calculate the number and tile-column index of tiles of matrixC---
step1 ---------------------- Runtime is  1.23 ms-------------------------

step2 --------Calculate the number of nonzeros of each tile of matrixC-----
step2 ---------------------- Runtime is  2.48 ms-------------------------

step3 ---------Calculate the val&col of nonzeros of matrixC-------------
step3 ---------------------- Runtime is  18.27 ms------------------------

-----------------------Malloc uses 0.86 ms-------------------------------
Non-empty tiles of C = 1022881
nnzC = 25247458
CUDA  TileSpGEMM runtime is 22.87 ms, gflops = 35.33

=== C=A^2: bmwcra_1 ===
--------------------------------!!!!!!!!------------------------------------
device_id = 0
---------------------------------------------------------------
Device [ 0 ] NVIDIA A100 80GB PCIe @ 1410.00 MHz
MAT: -------------- /scratch/general/vast/u1446071/spgemm_matrices/bmwcra_1.mtx --------------
input matrix A: ( 148770, 148770 ) nnz = 10644002
 loadfile time    = 2.33225 sec
the tilesize = 16
SpGEMM nnzCub = 812503802
CSR to Tile conversion uses 202.38 ms
tile space overhead = 106.15 MB
step1 ----Calculate the number and tile-column index of tiles of matrixC---
step1 ---------------------- Runtime is  1.27 ms-------------------------

step2 --------Calculate the number of nonzeros of each tile of matrixC-----
step2 ---------------------- Runtime is  4.42 ms-------------------------

step3 ---------Calculate the val&col of nonzeros of matrixC-------------
step3 ---------------------- Runtime is  27.90 ms------------------------

-----------------------Malloc uses 0.89 ms-------------------------------
Non-empty tiles of C = 1760375
nnzC = 62256097
CUDA  TileSpGEMM runtime is 34.52 ms, gflops = 47.07

=== C=A^2: bone010 ===
--------------------------------!!!!!!!!------------------------------------
device_id = 0
---------------------------------------------------------------
Device [ 0 ] NVIDIA A100 80GB PCIe @ 1410.00 MHz
MAT: -------------- /scratch/general/vast/u1446071/spgemm_matrices/bone010.mtx --------------
input matrix A: ( 986703, 986703 ) nnz = 71666325
 loadfile time    = 11.64659 sec
the tilesize = 16
SpGEMM nnzCub = 5451922539
CSR to Tile conversion uses 503.96 ms
tile space overhead = 685.40 MB
step1 ----Calculate the number and tile-column index of tiles of matrixC---
step1 ---------------------- Runtime is  2.82 ms-------------------------

step2 --------Calculate the number of nonzeros of each tile of matrixC-----
step2 ---------------------- Runtime is  14.13 ms-------------------------

step3 ---------Calculate the val&col of nonzeros of matrixC-------------
step3 ---------------------- Runtime is  114.48 ms------------------------

-----------------------Malloc uses 1.16 ms-------------------------------
Non-empty tiles of C = 5950997
nnzC = 376101933
CUDA  TileSpGEMM runtime is 132.64 ms, gflops = 82.21

=== C=A^2: boneS01 ===
--------------------------------!!!!!!!!------------------------------------
device_id = 0
---------------------------------------------------------------
Device [ 0 ] NVIDIA A100 80GB PCIe @ 1410.00 MHz
MAT: -------------- /scratch/general/vast/u1446071/spgemm_matrices/boneS01.mtx --------------
input matrix A: ( 127224, 127224 ) nnz = 6715152
 loadfile time    = 1.11811 sec
the tilesize = 16
SpGEMM nnzCub = 394029846
CSR to Tile conversion uses 80.48 ms
tile space overhead = 65.93 MB
step1 ----Calculate the number and tile-column index of tiles of matrixC---
step1 ---------------------- Runtime is  1.14 ms-------------------------

step2 --------Calculate the number of nonzeros of each tile of matrixC-----
step2 ---------------------- Runtime is  1.80 ms-------------------------

step3 ---------Calculate the val&col of nonzeros of matrixC-------------
step3 ---------------------- Runtime is  12.33 ms------------------------

-----------------------Malloc uses 0.84 ms-------------------------------
Non-empty tiles of C = 727300
nnzC = 30024001
CUDA  TileSpGEMM runtime is 16.16 ms, gflops = 48.78

=== C=A^2: boneS10 ===
--------------------------------!!!!!!!!------------------------------------
device_id = 0
---------------------------------------------------------------
Device [ 0 ] NVIDIA A100 80GB PCIe @ 1410.00 MHz
MAT: -------------- /scratch/general/vast/u1446071/spgemm_matrices/boneS10.mtx --------------
input matrix A: ( 914898, 914898 ) nnz = 55468422
 loadfile time    = 9.16150 sec
the tilesize = 16
SpGEMM nnzCub = 3742712082
CSR to Tile conversion uses 316.19 ms
tile space overhead = 537.65 MB
step1 ----Calculate the number and tile-column index of tiles of matrixC---
step1 ---------------------- Runtime is  2.74 ms-------------------------

step2 --------Calculate the number of nonzeros of each tile of matrixC-----
step2 ---------------------- Runtime is  11.37 ms-------------------------

step3 ---------Calculate the val&col of nonzeros of matrixC-------------
step3 ---------------------- Runtime is  81.66 ms------------------------

-----------------------Malloc uses 1.09 ms-------------------------------
Non-empty tiles of C = 5106772
nnzC = 268425919
CUDA  TileSpGEMM runtime is 96.92 ms, gflops = 77.23

=== C=A^2: Bump_2911 ===
--------------------------------!!!!!!!!------------------------------------
device_id = 0
---------------------------------------------------------------
Device [ 0 ] NVIDIA A100 80GB PCIe @ 1410.00 MHz
MAT: -------------- /scratch/general/vast/u1446071/spgemm_matrices/Bump_2911.mtx --------------
input matrix A: ( 2911419, 2911419 ) nnz = 127729899
 loadfile time    = 23.49858 sec
the tilesize = 16
SpGEMM nnzCub = 5745156927
CSR to Tile conversion uses 491.22 ms
tile space overhead = 1287.76 MB
step1 ----Calculate the number and tile-column index of tiles of matrixC---
step1 ---------------------- Runtime is  6.25 ms-------------------------

step2 --------Calculate the number of nonzeros of each tile of matrixC-----
step2 ---------------------- Runtime is  48.03 ms-------------------------

step3 ---------Calculate the val&col of nonzeros of matrixC-------------
step3 ---------------------- Runtime is  165.33 ms------------------------

-----------------------Malloc uses 1.38 ms-------------------------------
Non-empty tiles of C = 22117936
nnzC = 640723986
CUDA  TileSpGEMM runtime is 221.03 ms, gflops = 51.98

=== C=A^2: bundle_adj ===
--------------------------------!!!!!!!!------------------------------------
device_id = 0
---------------------------------------------------------------
Device [ 0 ] NVIDIA A100 80GB PCIe @ 1410.00 MHz
MAT: -------------- /scratch/general/vast/u1446071/spgemm_matrices/bundle_adj.mtx --------------
input matrix A: ( 513351, 513351 ) nnz = 20208051
 loadfile time    = 4.48026 sec
the tilesize = 16
SpGEMM nnzCub = 33076865781
CSR to Tile conversion uses 2022.88 ms
tile space overhead = 187.35 MB
step1 ----Calculate the number and tile-column index of tiles of matrixC---
step1 ---------------------- Runtime is  8.22 ms-------------------------

step2 --------Calculate the number of nonzeros of each tile of matrixC-----
step2 ---------------------- Runtime is  57.20 ms-------------------------

step3 ---------Calculate the val&col of nonzeros of matrixC-------------
step3 ---------------------- Runtime is  588.14 ms------------------------

-----------------------Malloc uses 1.72 ms-------------------------------
Non-empty tiles of C = 26038327
nnzC = 2076377923
CUDA  TileSpGEMM runtime is 655.34 ms, gflops = 100.95

=== C=A^2: cage14 ===
--------------------------------!!!!!!!!------------------------------------
device_id = 0
---------------------------------------------------------------
Device [ 0 ] NVIDIA A100 80GB PCIe @ 1410.00 MHz
MAT: -------------- /scratch/general/vast/u1446071/spgemm_matrices/cage14.mtx --------------
input matrix A: ( 1505785, 1505785 ) nnz = 27130349
 loadfile time    = 10.30151 sec
the tilesize = 16
SpGEMM nnzCub = 532205737
CSR to Tile conversion uses 301.43 ms
tile space overhead = 412.11 MB
step1 ----Calculate the number and tile-column index of tiles of matrixC---
step1 ---------------------- Runtime is  12.37 ms-------------------------

step2 --------Calculate the number of nonzeros of each tile of matrixC-----
step2 ---------------------- Runtime is  85.14 ms-------------------------

step3 ---------Calculate the val&col of nonzeros of matrixC-------------
step3 ---------------------- Runtime is  88.25 ms------------------------

-----------------------Malloc uses 1.45 ms-------------------------------
Non-empty tiles of C = 39054920
nnzC = 239690497
CUDA  TileSpGEMM runtime is 187.27 ms, gflops = 5.68

=== C=A^2: cage15 ===
--------------------------------!!!!!!!!------------------------------------
device_id = 0
---------------------------------------------------------------
Device [ 0 ] NVIDIA A100 80GB PCIe @ 1410.00 MHz
MAT: -------------- /scratch/general/vast/u1446071/spgemm_matrices/cage15.mtx --------------
input matrix A: ( 5154859, 5154859 ) nnz = 99199551
 loadfile time    = 36.17988 sec
the tilesize = 16
SpGEMM nnzCub = 2078631615
CSR to Tile conversion uses 923.86 ms
tile space overhead = 1536.72 MB
step1 ----Calculate the number and tile-column index of tiles of matrixC---
step1 ---------------------- Runtime is  49.81 ms-------------------------

step2 --------Calculate the number of nonzeros of each tile of matrixC-----
step2 ---------------------- Runtime is  367.38 ms-------------------------

step3 ---------Calculate the val&col of nonzeros of matrixC-------------
step3 ---------------------- Runtime is  377.30 ms------------------------

-----------------------Malloc uses 2.24 ms-------------------------------
Non-empty tiles of C = 169739945
nnzC = 942482680
CUDA  TileSpGEMM runtime is 796.77 ms, gflops = 5.22

=== C=A^2: cant ===
--------------------------------!!!!!!!!------------------------------------
device_id = 0
---------------------------------------------------------------
Device [ 0 ] NVIDIA A100 80GB PCIe @ 1410.00 MHz
MAT: -------------- /scratch/general/vast/u1446071/spgemm_matrices/cant.mtx --------------
input matrix A: ( 62451, 62451 ) nnz = 4007383
 loadfile time    = 0.81441 sec
the tilesize = 16
SpGEMM nnzCub = 269486473
CSR to Tile conversion uses 100.67 ms
tile space overhead = 37.74 MB
step1 ----Calculate the number and tile-column index of tiles of matrixC---
step1 ---------------------- Runtime is  0.99 ms-------------------------

step2 --------Calculate the number of nonzeros of each tile of matrixC-----
step2 ---------------------- Runtime is  0.73 ms-------------------------

step3 ---------Calculate the val&col of nonzeros of matrixC-------------
step3 ---------------------- Runtime is  8.75 ms------------------------

-----------------------Malloc uses 0.65 ms-------------------------------
Non-empty tiles of C = 194910
nnzC = 17389485
CUDA  TileSpGEMM runtime is 11.16 ms, gflops = 48.30

=== C=A^2: case39 ===
--------------------------------!!!!!!!!------------------------------------
device_id = 0
---------------------------------------------------------------
Device [ 0 ] NVIDIA A100 80GB PCIe @ 1410.00 MHz
MAT: -------------- /scratch/general/vast/u1446071/spgemm_matrices/case39.mtx --------------
input matrix A: ( 40216, 40216 ) nnz = 1042160
 loadfile time    = 0.21462 sec
the tilesize = 16
SpGEMM nnzCub = 4048569774
CSR to Tile conversion uses 169.52 ms
tile space overhead = 9.85 MB
step1 ----Calculate the number and tile-column index of tiles of matrixC---
step1 ---------------------- Runtime is  1.82 ms-------------------------

step2 --------Calculate the number of nonzeros of each tile of matrixC-----
step2 ---------------------- Runtime is  5.63 ms-------------------------

step3 ---------Calculate the val&col of nonzeros of matrixC-------------
step3 ---------------------- Runtime is  77.96 ms------------------------

-----------------------Malloc uses 1.14 ms-------------------------------
Non-empty tiles of C = 1627466
nnzC = 309922304
CUDA  TileSpGEMM runtime is 86.61 ms, gflops = 93.49

=== C=A^2: channel-500x100x100-b050 ===
--------------------------------!!!!!!!!------------------------------------
device_id = 0
---------------------------------------------------------------
Device [ 0 ] NVIDIA A100 80GB PCIe @ 1410.00 MHz
MAT: -------------- /scratch/general/vast/u1446071/spgemm_matrices/channel-500x100x100-b050.mtx --------------
input matrix A: ( 4802000, 4802000 ) nnz = 85362744
 loadfile time    = 7.51741 sec
the tilesize = 16
SpGEMM nnzCub = 1522677096
CSR to Tile conversion uses 455.18 ms
tile space overhead = 1031.49 MB
step1 ----Calculate the number and tile-column index of tiles of matrixC---
step1 ---------------------- Runtime is  7.52 ms-------------------------

step2 --------Calculate the number of nonzeros of each tile of matrixC-----
step2 ---------------------- Runtime is  60.94 ms-------------------------

step3 ---------Calculate the val&col of nonzeros of matrixC-------------
step3 ---------------------- Runtime is  84.85 ms------------------------

-----------------------Malloc uses 1.52 ms-------------------------------
Non-empty tiles of C = 28217117
nnzC = 438874340
CUDA  TileSpGEMM runtime is 154.89 ms, gflops = 19.66

=== C=A^2: Chebyshev4 ===
--------------------------------!!!!!!!!------------------------------------
device_id = 0
---------------------------------------------------------------
Device [ 0 ] NVIDIA A100 80GB PCIe @ 1410.00 MHz
MAT: -------------- /scratch/general/vast/u1446071/spgemm_matrices/Chebyshev4.mtx --------------
input matrix A: ( 68121, 68121 ) nnz = 5377761
 loadfile time    = 2.55939 sec
the tilesize = 16
SpGEMM nnzCub = 277056025
CSR to Tile conversion uses 1926.68 ms
tile space overhead = 53.07 MB
step1 ----Calculate the number and tile-column index of tiles of matrixC---
step1 ---------------------- Runtime is  4.64 ms-------------------------

step2 --------Calculate the number of nonzeros of each tile of matrixC-----
step2 ---------------------- Runtime is  3.91 ms-------------------------

step3 ---------Calculate the val&col of nonzeros of matrixC-------------
step3 ---------------------- Runtime is  15.62 ms------------------------

-----------------------Malloc uses 0.87 ms-------------------------------
Non-empty tiles of C = 479407
nnzC = 19529054
CUDA  TileSpGEMM runtime is 25.08 ms, gflops = 22.09

=== C=A^2: circuit5M ===
--------------------------------!!!!!!!!------------------------------------
device_id = 0
---------------------------------------------------------------
Device [ 0 ] NVIDIA A100 80GB PCIe @ 1410.00 MHz
MAT: -------------- /scratch/general/vast/u1446071/spgemm_matrices/circuit5M.mtx --------------
input matrix A: ( 5558326, 5558326 ) nnz = 59524291
 loadfile time    = 25.01418 sec
the tilesize = 16
SpGEMM nnzCub = 10230223504925
[ERROR] circuit5M A^2 failed (exit=124)

=== C=A^2: com-LiveJournal ===
--------------------------------!!!!!!!!------------------------------------
device_id = 0
---------------------------------------------------------------
Device [ 0 ] NVIDIA A100 80GB PCIe @ 1410.00 MHz
MAT: -------------- /scratch/general/vast/u1446071/spgemm_matrices/com-LiveJournal.mtx --------------
input matrix A: ( 3997962, 3997962 ) nnz = 69362378
 loadfile time    = 7.22801 sec
the tilesize = 16
SpGEMM nnzCub = 8580898768
CSR to Tile conversion uses 13749.64 ms
tile space overhead = 2706.68 MB
CUDA error 700 [/uufs/chpc.utah.edu/sys/spack/linux-rocky8-nehalem/gcc-8.5.0/cuda-11.8.0-3wlxktsbgw2ui4wvdnsy7w7xyxlkkwju/include/cub/block/../iterator/../util_device.cuh, 375]: an illegal memory access was encountered
CUDA error 700 [/uufs/chpc.utah.edu/sys/spack/linux-rocky8-nehalem/gcc-8.5.0/cuda-11.8.0-3wlxktsbgw2ui4wvdnsy7w7xyxlkkwju/include/cub/block/../iterator/../util_device.cuh, 469]: an illegal memory access was encountered
CUDA error 700 [/uufs/chpc.utah.edu/sys/spack/linux-rocky8-nehalem/gcc-8.5.0/cuda-11.8.0-3wlxktsbgw2ui4wvdnsy7w7xyxlkkwju/include/cub/device/dispatch/dispatch_scan.cuh, 421]: an illegal memory access was encountered
terminate called after throwing an instance of 'thrust::system::system_error'
  what():  after determining tmp storage requirements for exclusive_scan: cudaErrorIllegalAddress: an illegal memory access was encountered
timeout: the monitored command dumped core
[ERROR] com-LiveJournal A^2 failed (exit=134)

=== C=A^2: com-Orkut ===
--------------------------------!!!!!!!!------------------------------------
device_id = 0
---------------------------------------------------------------
Device [ 0 ] NVIDIA A100 80GB PCIe @ 1410.00 MHz
MAT: -------------- /scratch/general/vast/u1446071/spgemm_matrices/com-Orkut.mtx --------------
input matrix A: ( 3072441, 3072441 ) nnz = 234370166
 loadfile time    = 25.07981 sec
the tilesize = 16
SpGEMM nnzCub = 91485303308
timeout: the monitored command dumped core
[ERROR] com-Orkut A^2 failed (exit=139)

=== C=A^2: CO ===
--------------------------------!!!!!!!!------------------------------------
device_id = 0
---------------------------------------------------------------
Device [ 0 ] NVIDIA A100 80GB PCIe @ 1410.00 MHz
MAT: -------------- /scratch/general/vast/u1446071/spgemm_matrices/CO.mtx --------------
input matrix A: ( 221119, 221119 ) nnz = 7666057
 loadfile time    = 1.59638 sec
the tilesize = 16
SpGEMM nnzCub = 276737749
CSR to Tile conversion uses 179.27 ms
tile space overhead = 98.74 MB
step1 ----Calculate the number and tile-column index of tiles of matrixC---
step1 ---------------------- Runtime is  1.59 ms-------------------------

step2 --------Calculate the number of nonzeros of each tile of matrixC-----
step2 ---------------------- Runtime is  14.10 ms-------------------------

step3 ---------Calculate the val&col of nonzeros of matrixC-------------
step3 ---------------------- Runtime is  28.21 ms------------------------

-----------------------Malloc uses 1.06 ms-------------------------------
Non-empty tiles of C = 6512660
nnzC = 106291117
CUDA  TileSpGEMM runtime is 45.01 ms, gflops = 12.30

=== C=A^2: conf5_4-8x8-05 ===
--------------------------------!!!!!!!!------------------------------------
device_id = 0
---------------------------------------------------------------
Device [ 0 ] NVIDIA A100 80GB PCIe @ 1410.00 MHz
MAT: -------------- /scratch/general/vast/u1446071/spgemm_matrices/conf5_4-8x8-05.mtx --------------
input matrix A: ( 49152, 49152 ) nnz = 1916928
 loadfile time    = 1.12177 sec
the tilesize = 16
SpGEMM nnzCub = 74760192
CSR to Tile conversion uses 69.22 ms
tile space overhead = 19.14 MB
step1 ----Calculate the number and tile-column index of tiles of matrixC---
step1 ---------------------- Runtime is  1.11 ms-------------------------

step2 --------Calculate the number of nonzeros of each tile of matrixC-----
step2 ---------------------- Runtime is  0.73 ms-------------------------

step3 ---------Calculate the val&col of nonzeros of matrixC-------------
step3 ---------------------- Runtime is  3.14 ms------------------------

-----------------------Malloc uses 0.83 ms-------------------------------
Non-empty tiles of C = 263168
nnzC = 11422619
CUDA  TileSpGEMM runtime is 5.85 ms, gflops = 25.54

=== C=A^2: consph ===
--------------------------------!!!!!!!!------------------------------------
device_id = 0
---------------------------------------------------------------
Device [ 0 ] NVIDIA A100 80GB PCIe @ 1410.00 MHz
MAT: -------------- /scratch/general/vast/u1446071/spgemm_matrices/consph.mtx --------------
input matrix A: ( 83334, 83334 ) nnz = 6010480
 loadfile time    = 1.22662 sec
the tilesize = 16
SpGEMM nnzCub = 463845030
CSR to Tile conversion uses 160.96 ms
tile space overhead = 58.99 MB
step1 ----Calculate the number and tile-column index of tiles of matrixC---
step1 ---------------------- Runtime is  1.14 ms-------------------------

step2 --------Calculate the number of nonzeros of each tile of matrixC-----
step2 ---------------------- Runtime is  1.93 ms-------------------------

step3 ---------Calculate the val&col of nonzeros of matrixC-------------
step3 ---------------------- Runtime is  13.40 ms------------------------

-----------------------Malloc uses 0.84 ms-------------------------------
Non-empty tiles of C = 648883
nnzC = 33307917
CUDA  TileSpGEMM runtime is 17.36 ms, gflops = 53.44

=== C=A^2: cop20k_A ===
--------------------------------!!!!!!!!------------------------------------
device_id = 0
---------------------------------------------------------------
Device [ 0 ] NVIDIA A100 80GB PCIe @ 1410.00 MHz
MAT: -------------- /scratch/general/vast/u1446071/spgemm_matrices/cop20k_A.mtx --------------
input matrix A: ( 121192, 121192 ) nnz = 2624331
 loadfile time    = 0.49348 sec
the tilesize = 16
SpGEMM nnzCub = 79883385
CSR to Tile conversion uses 167.41 ms
tile space overhead = 45.04 MB
step1 ----Calculate the number and tile-column index of tiles of matrixC---
step1 ---------------------- Runtime is  2.73 ms-------------------------

step2 --------Calculate the number of nonzeros of each tile of matrixC-----
step2 ---------------------- Runtime is  34.72 ms-------------------------

step3 ---------Calculate the val&col of nonzeros of matrixC-------------
step3 ---------------------- Runtime is  17.59 ms------------------------

-----------------------Malloc uses 1.06 ms-------------------------------
Non-empty tiles of C = 15900566
nnzC = 19060706
CUDA  TileSpGEMM runtime is 56.16 ms, gflops = 2.85

=== C=A^2: coPapersCiteseer ===
--------------------------------!!!!!!!!------------------------------------
device_id = 0
---------------------------------------------------------------
Device [ 0 ] NVIDIA A100 80GB PCIe @ 1410.00 MHz
MAT: -------------- /scratch/general/vast/u1446071/spgemm_matrices/coPapersCiteseer.mtx --------------
input matrix A: ( 434102, 434102 ) nnz = 32073440
 loadfile time    = 2.78141 sec
the tilesize = 16
SpGEMM nnzCub = 6822448658
CSR to Tile conversion uses 481.17 ms
tile space overhead = 355.58 MB
step1 ----Calculate the number and tile-column index of tiles of matrixC---
step1 ---------------------- Runtime is  69.77 ms-------------------------

step2 --------Calculate the number of nonzeros of each tile of matrixC-----
step2 ---------------------- Runtime is  151.42 ms-------------------------

step3 ---------Calculate the val&col of nonzeros of matrixC-------------
step3 ---------------------- Runtime is  304.66 ms------------------------

-----------------------Malloc uses 2.87 ms-------------------------------
Non-empty tiles of C = 47764374
nnzC = 302280618
CUDA  TileSpGEMM runtime is 528.78 ms, gflops = 25.80

=== C=A^2: coPapersDBLP ===
--------------------------------!!!!!!!!------------------------------------
device_id = 0
---------------------------------------------------------------
Device [ 0 ] NVIDIA A100 80GB PCIe @ 1410.00 MHz
MAT: -------------- /scratch/general/vast/u1446071/spgemm_matrices/coPapersDBLP.mtx --------------
input matrix A: ( 540486, 540486 ) nnz = 30491458
 loadfile time    = 2.70218 sec
the tilesize = 16
SpGEMM nnzCub = 4091407036
CSR to Tile conversion uses 575.44 ms
tile space overhead = 392.74 MB
step1 ----Calculate the number and tile-column index of tiles of matrixC---
step1 ---------------------- Runtime is  293.28 ms-------------------------

step2 --------Calculate the number of nonzeros of each tile of matrixC-----
step2 ---------------------- Runtime is  385.95 ms-------------------------

step3 ---------Calculate the val&col of nonzeros of matrixC-------------
step3 ---------------------- Runtime is  396.09 ms------------------------

-----------------------Malloc uses 11.23 ms-------------------------------
Non-empty tiles of C = 120363429
nnzC = 489563464
CUDA  TileSpGEMM runtime is 1086.62 ms, gflops = 7.53

=== C=A^2: CoupCons3D ===
--------------------------------!!!!!!!!------------------------------------
device_id = 0
---------------------------------------------------------------
Device [ 0 ] NVIDIA A100 80GB PCIe @ 1410.00 MHz
MAT: -------------- /scratch/general/vast/u1446071/spgemm_matrices/CoupCons3D.mtx --------------
input matrix A: ( 416800, 416800 ) nnz = 22322336
 loadfile time    = 8.54962 sec
the tilesize = 16
SpGEMM nnzCub = 1227203968
CSR to Tile conversion uses 231.15 ms
tile space overhead = 213.21 MB
step1 ----Calculate the number and tile-column index of tiles of matrixC---
step1 ---------------------- Runtime is  1.81 ms-------------------------

step2 --------Calculate the number of nonzeros of each tile of matrixC-----
step2 ---------------------- Runtime is  4.32 ms-------------------------

step3 ---------Calculate the val&col of nonzeros of matrixC-------------
step3 ---------------------- Runtime is  37.76 ms------------------------

-----------------------Malloc uses 0.93 ms-------------------------------
Non-empty tiles of C = 1947832
nnzC = 90928827
CUDA  TileSpGEMM runtime is 44.87 ms, gflops = 54.70

=== C=A^2: crankseg_1 ===
--------------------------------!!!!!!!!------------------------------------
device_id = 0
---------------------------------------------------------------
Device [ 0 ] NVIDIA A100 80GB PCIe @ 1410.00 MHz
MAT: -------------- /scratch/general/vast/u1446071/spgemm_matrices/crankseg_1.mtx --------------
input matrix A: ( 52804, 52804 ) nnz = 10614210
 loadfile time    = 1.89998 sec
the tilesize = 16
SpGEMM nnzCub = 2548688036
CSR to Tile conversion uses 154.75 ms
tile space overhead = 102.94 MB
step1 ----Calculate the number and tile-column index of tiles of matrixC---
step1 ---------------------- Runtime is  1.70 ms-------------------------

step2 --------Calculate the number of nonzeros of each tile of matrixC-----
step2 ---------------------- Runtime is  10.92 ms-------------------------

step3 ---------Calculate the val&col of nonzeros of matrixC-------------
step3 ---------------------- Runtime is  96.50 ms------------------------

-----------------------Malloc uses 0.97 ms-------------------------------
Non-empty tiles of C = 1954905
nnzC = 95402578
CUDA  TileSpGEMM runtime is 110.14 ms, gflops = 46.28

=== C=A^2: crankseg_2 ===
--------------------------------!!!!!!!!------------------------------------
device_id = 0
---------------------------------------------------------------
Device [ 0 ] NVIDIA A100 80GB PCIe @ 1410.00 MHz
MAT: -------------- /scratch/general/vast/u1446071/spgemm_matrices/crankseg_2.mtx --------------
input matrix A: ( 63838, 63838 ) nnz = 14148858
 loadfile time    = 2.52638 sec
the tilesize = 16
SpGEMM nnzCub = 3722717858
CSR to Tile conversion uses 367.81 ms
tile space overhead = 137.43 MB
step1 ----Calculate the number and tile-column index of tiles of matrixC---
step1 ---------------------- Runtime is  1.95 ms-------------------------

step2 --------Calculate the number of nonzeros of each tile of matrixC-----
step2 ---------------------- Runtime is  17.20 ms-------------------------

step3 ---------Calculate the val&col of nonzeros of matrixC-------------
step3 ---------------------- Runtime is  135.91 ms------------------------

-----------------------Malloc uses 0.99 ms-------------------------------
Non-empty tiles of C = 2858666
nnzC = 133068127
CUDA  TileSpGEMM runtime is 156.11 ms, gflops = 47.69

=== C=A^2: Cube_Coup_dt0 ===
--------------------------------!!!!!!!!------------------------------------
device_id = 0
---------------------------------------------------------------
Device [ 0 ] NVIDIA A100 80GB PCIe @ 1410.00 MHz
MAT: -------------- /scratch/general/vast/u1446071/spgemm_matrices/Cube_Coup_dt0.mtx --------------
input matrix A: ( 2164760, 2164760 ) nnz = 127206144
 loadfile time    = 23.86034 sec
the tilesize = 16
SpGEMM nnzCub = 7518203008
CSR to Tile conversion uses 453.37 ms
tile space overhead = 1225.83 MB
step1 ----Calculate the number and tile-column index of tiles of matrixC---
step1 ---------------------- Runtime is  4.30 ms-------------------------

step2 --------Calculate the number of nonzeros of each tile of matrixC-----
step2 ---------------------- Runtime is  29.21 ms-------------------------

step3 ---------Calculate the val&col of nonzeros of matrixC-------------
step3 ---------------------- Runtime is  163.90 ms------------------------

-----------------------Malloc uses 1.49 ms-------------------------------
Non-empty tiles of C = 13568754
nnzC = 590755553
CUDA  TileSpGEMM runtime is 198.95 ms, gflops = 75.58

=== C=A^2: Cube_Coup_dt6 ===
--------------------------------!!!!!!!!------------------------------------
device_id = 0
---------------------------------------------------------------
Device [ 0 ] NVIDIA A100 80GB PCIe @ 1410.00 MHz
MAT: -------------- /scratch/general/vast/u1446071/spgemm_matrices/Cube_Coup_dt6.mtx --------------
input matrix A: ( 2164760, 2164760 ) nnz = 127206144
 loadfile time    = 23.61467 sec
the tilesize = 16
SpGEMM nnzCub = 7518203008
CSR to Tile conversion uses 370.86 ms
tile space overhead = 1225.83 MB
step1 ----Calculate the number and tile-column index of tiles of matrixC---
step1 ---------------------- Runtime is  4.30 ms-------------------------

step2 --------Calculate the number of nonzeros of each tile of matrixC-----
step2 ---------------------- Runtime is  29.10 ms-------------------------

step3 ---------Calculate the val&col of nonzeros of matrixC-------------
step3 ---------------------- Runtime is  163.82 ms------------------------

-----------------------Malloc uses 1.47 ms-------------------------------
Non-empty tiles of C = 13568754
nnzC = 590783537
CUDA  TileSpGEMM runtime is 198.76 ms, gflops = 75.65

=== C=A^2: CurlCurl_4 ===
--------------------------------!!!!!!!!------------------------------------
device_id = 0
---------------------------------------------------------------
Device [ 0 ] NVIDIA A100 80GB PCIe @ 1410.00 MHz
MAT: -------------- /scratch/general/vast/u1446071/spgemm_matrices/CurlCurl_4.mtx --------------
input matrix A: ( 2380515, 2380515 ) nnz = 26515867
 loadfile time    = 6.09533 sec
the tilesize = 16
SpGEMM nnzCub = 297096317
CSR to Tile conversion uses 262.06 ms
tile space overhead = 318.59 MB
step1 ----Calculate the number and tile-column index of tiles of matrixC---
step1 ---------------------- Runtime is  3.20 ms-------------------------

step2 --------Calculate the number of nonzeros of each tile of matrixC-----
step2 ---------------------- Runtime is  15.53 ms-------------------------

step3 ---------Calculate the val&col of nonzeros of matrixC-------------
step3 ---------------------- Runtime is  33.43 ms------------------------

-----------------------Malloc uses 1.22 ms-------------------------------
Non-empty tiles of C = 7168157
nnzC = 93102891
CUDA  TileSpGEMM runtime is 53.45 ms, gflops = 11.12

=== C=A^2: delaunay_n23 ===
--------------------------------!!!!!!!!------------------------------------
device_id = 0
---------------------------------------------------------------
Device [ 0 ] NVIDIA A100 80GB PCIe @ 1410.00 MHz
MAT: -------------- /scratch/general/vast/u1446071/spgemm_matrices/delaunay_n23.mtx --------------
input matrix A: ( 8388608, 8388608 ) nnz = 50331568
 loadfile time    = 4.66240 sec
the tilesize = 16
SpGEMM nnzCub = 316961668
CSR to Tile conversion uses 482.00 ms
tile space overhead = 801.11 MB
step1 ----Calculate the number and tile-column index of tiles of matrixC---
step1 ---------------------- Runtime is  11.11 ms-------------------------

step2 --------Calculate the number of nonzeros of each tile of matrixC-----
step2 ---------------------- Runtime is  88.83 ms-------------------------

step3 ---------Calculate the val&col of nonzeros of matrixC-------------
step3 ---------------------- Runtime is  48.44 ms------------------------

-----------------------Malloc uses 1.30 ms-------------------------------
Non-empty tiles of C = 41500896
nnzC = 128025285
CUDA  TileSpGEMM runtime is 149.73 ms, gflops = 4.23

=== C=A^2: delaunay_n24 ===
--------------------------------!!!!!!!!------------------------------------
device_id = 0
---------------------------------------------------------------
Device [ 0 ] NVIDIA A100 80GB PCIe @ 1410.00 MHz
MAT: -------------- /scratch/general/vast/u1446071/spgemm_matrices/delaunay_n24.mtx --------------
input matrix A: ( 16777216, 16777216 ) nnz = 100663202
 loadfile time    = 9.58418 sec
the tilesize = 16
SpGEMM nnzCub = 633914372
CSR to Tile conversion uses 1105.57 ms
tile space overhead = 1608.08 MB
step1 ----Calculate the number and tile-column index of tiles of matrixC---
step1 ---------------------- Runtime is  20.78 ms-------------------------

step2 --------Calculate the number of nonzeros of each tile of matrixC-----
step2 ---------------------- Runtime is  204.15 ms-------------------------

step3 ---------Calculate the val&col of nonzeros of matrixC-------------
step3 ---------------------- Runtime is  97.12 ms------------------------

-----------------------Malloc uses 1.59 ms-------------------------------
Non-empty tiles of C = 82884172
nnzC = 255589565
CUDA  TileSpGEMM runtime is 323.69 ms, gflops = 3.92

=== C=A^2: dgreen ===
--------------------------------!!!!!!!!------------------------------------
device_id = 0
---------------------------------------------------------------
Device [ 0 ] NVIDIA A100 80GB PCIe @ 1410.00 MHz
MAT: -------------- /scratch/general/vast/u1446071/spgemm_matrices/dgreen.mtx --------------
input matrix A: ( 1200611, 1200611 ) nnz = 38259877
 loadfile time    = 12.77413 sec
the tilesize = 16
SpGEMM nnzCub = 1376588233
CSR to Tile conversion uses 3003.68 ms
tile space overhead = 1821.40 MB
CUDA error 700 [/uufs/chpc.utah.edu/sys/spack/linux-rocky8-nehalem/gcc-8.5.0/cuda-11.8.0-3wlxktsbgw2ui4wvdnsy7w7xyxlkkwju/include/cub/block/../iterator/../util_device.cuh, 375]: an illegal memory access was encountered
CUDA error 700 [/uufs/chpc.utah.edu/sys/spack/linux-rocky8-nehalem/gcc-8.5.0/cuda-11.8.0-3wlxktsbgw2ui4wvdnsy7w7xyxlkkwju/include/cub/block/../iterator/../util_device.cuh, 469]: an illegal memory access was encountered
CUDA error 700 [/uufs/chpc.utah.edu/sys/spack/linux-rocky8-nehalem/gcc-8.5.0/cuda-11.8.0-3wlxktsbgw2ui4wvdnsy7w7xyxlkkwju/include/cub/device/dispatch/dispatch_scan.cuh, 421]: an illegal memory access was encountered
terminate called after throwing an instance of 'thrust::system::system_error'
  what():  after determining tmp storage requirements for exclusive_scan: cudaErrorIllegalAddress: an illegal memory access was encountered
timeout: the monitored command dumped core
[ERROR] dgreen A^2 failed (exit=134)

=== C=A^2: dielFilterV2clx ===
--------------------------------!!!!!!!!------------------------------------
device_id = 0
---------------------------------------------------------------
Device [ 0 ] NVIDIA A100 80GB PCIe @ 1410.00 MHz
MAT: -------------- /scratch/general/vast/u1446071/spgemm_matrices/dielFilterV2clx.mtx --------------
input matrix A: ( 607232, 607232 ) nnz = 25309272
 loadfile time    = 8.45571 sec
the tilesize = 16
SpGEMM nnzCub = 1241976752
CSR to Tile conversion uses 397.68 ms
tile space overhead = 325.76 MB
step1 ----Calculate the number and tile-column index of tiles of matrixC---
step1 ---------------------- Runtime is  8.37 ms-------------------------

step2 --------Calculate the number of nonzeros of each tile of matrixC-----
step2 ---------------------- Runtime is  60.43 ms-------------------------

step3 ---------Calculate the val&col of nonzeros of matrixC-------------
step3 ---------------------- Runtime is  109.40 ms------------------------

-----------------------Malloc uses 1.38 ms-------------------------------
Non-empty tiles of C = 21869926
nnzC = 222461868
CUDA  TileSpGEMM runtime is 179.63 ms, gflops = 13.83

=== C=A^2: dielFilterV2real ===
--------------------------------!!!!!!!!------------------------------------
device_id = 0
---------------------------------------------------------------
Device [ 0 ] NVIDIA A100 80GB PCIe @ 1410.00 MHz
MAT: -------------- /scratch/general/vast/u1446071/spgemm_matrices/dielFilterV2real.mtx --------------
input matrix A: ( 1157456, 1157456 ) nnz = 48538952
 loadfile time    = 11.75950 sec
the tilesize = 16
SpGEMM nnzCub = 2337362192
CSR to Tile conversion uses 512.97 ms
tile space overhead = 638.98 MB
step1 ----Calculate the number and tile-column index of tiles of matrixC---
step1 ---------------------- Runtime is  17.86 ms-------------------------

step2 --------Calculate the number of nonzeros of each tile of matrixC-----
step2 ---------------------- Runtime is  138.27 ms-------------------------

step3 ---------Calculate the val&col of nonzeros of matrixC-------------
step3 ---------------------- Runtime is  226.17 ms------------------------

-----------------------Malloc uses 1.49 ms-------------------------------
Non-empty tiles of C = 50450281
nnzC = 421877654
CUDA  TileSpGEMM runtime is 383.86 ms, gflops = 12.18

=== C=A^2: dielFilterV3clx ===
--------------------------------!!!!!!!!------------------------------------
device_id = 0
---------------------------------------------------------------
Device [ 0 ] NVIDIA A100 80GB PCIe @ 1410.00 MHz
MAT: -------------- /scratch/general/vast/u1446071/spgemm_matrices/dielFilterV3clx.mtx --------------
input matrix A: ( 420408, 420408 ) nnz = 32886208
 loadfile time    = 9.35572 sec
the tilesize = 16
SpGEMM nnzCub = 3126458918
CSR to Tile conversion uses 580.43 ms
tile space overhead = 388.36 MB
step1 ----Calculate the number and tile-column index of tiles of matrixC---
step1 ---------------------- Runtime is  17.01 ms-------------------------

step2 --------Calculate the number of nonzeros of each tile of matrixC-----
step2 ---------------------- Runtime is  115.82 ms-------------------------

step3 ---------Calculate the val&col of nonzeros of matrixC-------------
step3 ---------------------- Runtime is  238.07 ms------------------------

-----------------------Malloc uses 1.38 ms-------------------------------
Non-empty tiles of C = 33365790
nnzC = 357190577
CUDA  TileSpGEMM runtime is 372.35 ms, gflops = 16.79

=== C=A^2: dielFilterV3real ===
--------------------------------!!!!!!!!------------------------------------
device_id = 0
---------------------------------------------------------------
Device [ 0 ] NVIDIA A100 80GB PCIe @ 1410.00 MHz
MAT: -------------- /scratch/general/vast/u1446071/spgemm_matrices/dielFilterV3real.mtx --------------
input matrix A: ( 1102824, 1102824 ) nnz = 89306020
 loadfile time    = 21.53519 sec
the tilesize = 16
SpGEMM nnzCub = 8705461058
CSR to Tile conversion uses 1509.84 ms
tile space overhead = 1058.26 MB
step1 ----Calculate the number and tile-column index of tiles of matrixC---
step1 ---------------------- Runtime is  42.01 ms-------------------------

step2 --------Calculate the number of nonzeros of each tile of matrixC-----
step2 ---------------------- Runtime is  323.69 ms-------------------------

step3 ---------Calculate the val&col of nonzeros of matrixC-------------
step3 ---------------------- Runtime is  685.82 ms------------------------

-----------------------Malloc uses 1.80 ms-------------------------------
Non-empty tiles of C = 85074287
nnzC = 994440919
CUDA  TileSpGEMM runtime is 1053.38 ms, gflops = 16.53

=== C=A^2: Emilia_923 ===
--------------------------------!!!!!!!!------------------------------------
device_id = 0
---------------------------------------------------------------
Device [ 0 ] NVIDIA A100 80GB PCIe @ 1410.00 MHz
MAT: -------------- /scratch/general/vast/u1446071/spgemm_matrices/Emilia_923.mtx --------------
input matrix A: ( 923136, 923136 ) nnz = 41005206
 loadfile time    = 6.54613 sec
the tilesize = 16
SpGEMM nnzCub = 1834209036
CSR to Tile conversion uses 350.59 ms
tile space overhead = 436.44 MB
step1 ----Calculate the number and tile-column index of tiles of matrixC---
step1 ---------------------- Runtime is  3.94 ms-------------------------

step2 --------Calculate the number of nonzeros of each tile of matrixC-----
step2 ---------------------- Runtime is  24.87 ms-------------------------

step3 ---------Calculate the val&col of nonzeros of matrixC-------------
step3 ---------------------- Runtime is  65.81 ms------------------------

-----------------------Malloc uses 1.14 ms-------------------------------
Non-empty tiles of C = 11559360
nnzC = 236120482
CUDA  TileSpGEMM runtime is 95.81 ms, gflops = 38.29

=== C=A^2: eu-2005 ===
--------------------------------!!!!!!!!------------------------------------
device_id = 0
---------------------------------------------------------------
Device [ 0 ] NVIDIA A100 80GB PCIe @ 1410.00 MHz
MAT: -------------- /scratch/general/vast/u1446071/spgemm_matrices/eu-2005.mtx --------------
input matrix A: ( 862664, 862664 ) nnz = 19235140
 loadfile time    = 3.20211 sec
the tilesize = 16
SpGEMM nnzCub = 849268919
CSR to Tile conversion uses 281.26 ms
tile space overhead = 253.30 MB
step1 ----Calculate the number and tile-column index of tiles of matrixC---
step1 ---------------------- Runtime is  29.27 ms-------------------------

step2 --------Calculate the number of nonzeros of each tile of matrixC-----
step2 ---------------------- Runtime is  94.56 ms-------------------------

step3 ---------Calculate the val&col of nonzeros of matrixC-------------
step3 ---------------------- Runtime is  122.70 ms------------------------

-----------------------Malloc uses 1.76 ms-------------------------------
Non-empty tiles of C = 36977544
nnzC = 216317349
CUDA  TileSpGEMM runtime is 248.35 ms, gflops = 6.84

=== C=A^2: europe_osm ===
--------------------------------!!!!!!!!------------------------------------
device_id = 0
---------------------------------------------------------------
Device [ 0 ] NVIDIA A100 80GB PCIe @ 1410.00 MHz
MAT: -------------- /scratch/general/vast/u1446071/spgemm_matrices/europe_osm.mtx --------------
input matrix A: ( 50912018, 50912018 ) nnz = 108109320
 loadfile time    = 11.15922 sec
the tilesize = 16
SpGEMM nnzCub = 241277568
CSR to Tile conversion uses 1226.60 ms
tile space overhead = 2089.37 MB
[ERROR] europe_osm A^2 failed (exit=137)

=== C=A^2: exdata_1 ===
--------------------------------!!!!!!!!------------------------------------
device_id = 0
---------------------------------------------------------------
Device [ 0 ] NVIDIA A100 80GB PCIe @ 1410.00 MHz
MAT: -------------- /scratch/general/vast/u1446071/spgemm_matrices/exdata_1.mtx --------------
input matrix A: ( 6001, 6001 ) nnz = 2269501
 loadfile time    = 0.40227 sec
the tilesize = 16
SpGEMM nnzCub = 3390807001
CSR to Tile conversion uses 123.52 ms
tile space overhead = 20.06 MB
step1 ----Calculate the number and tile-column index of tiles of matrixC---
step1 ---------------------- Runtime is  11.00 ms-------------------------

step2 --------Calculate the number of nonzeros of each tile of matrixC-----
step2 ---------------------- Runtime is  2.86 ms-------------------------

step3 ---------Calculate the val&col of nonzeros of matrixC-------------
step3 ---------------------- Runtime is  86.70 ms------------------------

-----------------------Malloc uses 0.36 ms-------------------------------
Non-empty tiles of C = 47638
nnzC = 6956934
CUDA  TileSpGEMM runtime is 100.96 ms, gflops = 67.17

=== C=A^2: F1 ===
--------------------------------!!!!!!!!------------------------------------
device_id = 0
---------------------------------------------------------------
Device [ 0 ] NVIDIA A100 80GB PCIe @ 1410.00 MHz
MAT: -------------- /scratch/general/vast/u1446071/spgemm_matrices/F1.mtx --------------
input matrix A: ( 343791, 343791 ) nnz = 26837113
 loadfile time    = 5.72931 sec
the tilesize = 16
SpGEMM nnzCub = 2667510665
CSR to Tile conversion uses 335.08 ms
tile space overhead = 302.84 MB
step1 ----Calculate the number and tile-column index of tiles of matrixC---
step1 ---------------------- Runtime is  72.01 ms-------------------------

step2 --------Calculate the number of nonzeros of each tile of matrixC-----
step2 ---------------------- Runtime is  129.44 ms-------------------------

step3 ---------Calculate the val&col of nonzeros of matrixC-------------
step3 ---------------------- Runtime is  136.34 ms------------------------

-----------------------Malloc uses 2.92 ms-------------------------------
Non-empty tiles of C = 56864731
nnzC = 283994405
CUDA  TileSpGEMM runtime is 340.78 ms, gflops = 15.66

=== C=A^2: F2 ===
--------------------------------!!!!!!!!------------------------------------
device_id = 0
---------------------------------------------------------------
Device [ 0 ] NVIDIA A100 80GB PCIe @ 1410.00 MHz
MAT: -------------- /scratch/general/vast/u1446071/spgemm_matrices/F2.mtx --------------
input matrix A: ( 71505, 71505 ) nnz = 5294285
 loadfile time    = 1.10567 sec
the tilesize = 16
SpGEMM nnzCub = 492807103
CSR to Tile conversion uses 207.46 ms
tile space overhead = 59.32 MB
step1 ----Calculate the number and tile-column index of tiles of matrixC---
step1 ---------------------- Runtime is  1.85 ms-------------------------

step2 --------Calculate the number of nonzeros of each tile of matrixC-----
step2 ---------------------- Runtime is  16.15 ms-------------------------

step3 ---------Calculate the val&col of nonzeros of matrixC-------------
step3 ---------------------- Runtime is  31.24 ms------------------------

-----------------------Malloc uses 0.99 ms-------------------------------
Non-empty tiles of C = 7019574
nnzC = 51549878
CUDA  TileSpGEMM runtime is 50.28 ms, gflops = 19.60

=== C=A^2: Fault_639 ===
--------------------------------!!!!!!!!------------------------------------
device_id = 0
---------------------------------------------------------------
Device [ 0 ] NVIDIA A100 80GB PCIe @ 1410.00 MHz
MAT: -------------- /scratch/general/vast/u1446071/spgemm_matrices/Fault_639.mtx --------------
input matrix A: ( 638802, 638802 ) nnz = 28614564
 loadfile time    = 4.98359 sec
the tilesize = 16
SpGEMM nnzCub = 1298780298
CSR to Tile conversion uses 272.47 ms
tile space overhead = 299.86 MB
step1 ----Calculate the number and tile-column index of tiles of matrixC---
step1 ---------------------- Runtime is  3.23 ms-------------------------

step2 --------Calculate the number of nonzeros of each tile of matrixC-----
step2 ---------------------- Runtime is  18.01 ms-------------------------

step3 ---------Calculate the val&col of nonzeros of matrixC-------------
step3 ---------------------- Runtime is  44.96 ms------------------------

-----------------------Malloc uses 1.09 ms-------------------------------
Non-empty tiles of C = 7842920
nnzC = 158652760
CUDA  TileSpGEMM runtime is 67.34 ms, gflops = 38.58

=== C=A^2: fcondp2 ===
--------------------------------!!!!!!!!------------------------------------
device_id = 0
---------------------------------------------------------------
Device [ 0 ] NVIDIA A100 80GB PCIe @ 1410.00 MHz
MAT: -------------- /scratch/general/vast/u1446071/spgemm_matrices/fcondp2.mtx --------------
input matrix A: ( 201822, 201822 ) nnz = 11294316
 loadfile time    = 0.96021 sec
the tilesize = 16
SpGEMM nnzCub = 650331072
CSR to Tile conversion uses 51.78 ms
tile space overhead = 105.04 MB
step1 ----Calculate the number and tile-column index of tiles of matrixC---
step1 ---------------------- Runtime is  1.22 ms-------------------------

step2 --------Calculate the number of nonzeros of each tile of matrixC-----
step2 ---------------------- Runtime is  1.95 ms-------------------------

step3 ---------Calculate the val&col of nonzeros of matrixC-------------
step3 ---------------------- Runtime is  23.46 ms------------------------

-----------------------Malloc uses 0.84 ms-------------------------------
Non-empty tiles of C = 801140
nnzC = 29128407
CUDA  TileSpGEMM runtime is 27.51 ms, gflops = 47.28

=== C=A^2: fem_hifreq_circuit ===
--------------------------------!!!!!!!!------------------------------------
device_id = 0
---------------------------------------------------------------
Device [ 0 ] NVIDIA A100 80GB PCIe @ 1410.00 MHz
MAT: -------------- /scratch/general/vast/u1446071/spgemm_matrices/fem_hifreq_circuit.mtx --------------
input matrix A: ( 491100, 491100 ) nnz = 20239237
 loadfile time    = 10.36940 sec
the tilesize = 16
SpGEMM nnzCub = 963431629
CSR to Tile conversion uses 234.04 ms
tile space overhead = 250.68 MB
step1 ----Calculate the number and tile-column index of tiles of matrixC---
step1 ---------------------- Runtime is  10.57 ms-------------------------

step2 --------Calculate the number of nonzeros of each tile of matrixC-----
step2 ---------------------- Runtime is  59.24 ms-------------------------

step3 ---------Calculate the val&col of nonzeros of matrixC-------------
step3 ---------------------- Runtime is  70.60 ms------------------------

-----------------------Malloc uses 1.31 ms-------------------------------
Non-empty tiles of C = 25428314
nnzC = 145240252
CUDA  TileSpGEMM runtime is 141.78 ms, gflops = 13.59

=== C=A^2: Flan_1565 ===
--------------------------------!!!!!!!!------------------------------------
device_id = 0
---------------------------------------------------------------
Device [ 0 ] NVIDIA A100 80GB PCIe @ 1410.00 MHz
MAT: -------------- /scratch/general/vast/u1446071/spgemm_matrices/Flan_1565.mtx --------------
input matrix A: ( 1564794, 1564794 ) nnz = 117406044
 loadfile time    = 23.38369 sec
the tilesize = 16
SpGEMM nnzCub = 9013434840
CSR to Tile conversion uses 369.35 ms
tile space overhead = 1124.69 MB
step1 ----Calculate the number and tile-column index of tiles of matrixC---
step1 ---------------------- Runtime is  3.92 ms-------------------------

step2 --------Calculate the number of nonzeros of each tile of matrixC-----
step2 ---------------------- Runtime is  22.64 ms-------------------------

step3 ---------Calculate the val&col of nonzeros of matrixC-------------
step3 ---------------------- Runtime is  182.28 ms------------------------

-----------------------Malloc uses 1.24 ms-------------------------------
Non-empty tiles of C = 8873698
nnzC = 623485259
CUDA  TileSpGEMM runtime is 210.14 ms, gflops = 85.78

=== C=A^2: fullb ===
--------------------------------!!!!!!!!------------------------------------
device_id = 0
---------------------------------------------------------------
Device [ 0 ] NVIDIA A100 80GB PCIe @ 1410.00 MHz
MAT: -------------- /scratch/general/vast/u1446071/spgemm_matrices/fullb.mtx --------------
input matrix A: ( 199187, 199187 ) nnz = 11708077
 loadfile time    = 1.00537 sec
the tilesize = 16
SpGEMM nnzCub = 720134257
CSR to Tile conversion uses 159.17 ms
tile space overhead = 112.31 MB
step1 ----Calculate the number and tile-column index of tiles of matrixC---
step1 ---------------------- Runtime is  1.26 ms-------------------------

step2 --------Calculate the number of nonzeros of each tile of matrixC-----
step2 ---------------------- Runtime is  4.13 ms-------------------------

step3 ---------Calculate the val&col of nonzeros of matrixC-------------
step3 ---------------------- Runtime is  25.89 ms------------------------

-----------------------Malloc uses 0.94 ms-------------------------------
Non-empty tiles of C = 1593902
nnzC = 45409405
CUDA  TileSpGEMM runtime is 32.28 ms, gflops = 44.62

=== C=A^2: FullChip ===
--------------------------------!!!!!!!!------------------------------------
device_id = 0
---------------------------------------------------------------
Device [ 0 ] NVIDIA A100 80GB PCIe @ 1410.00 MHz
MAT: -------------- /scratch/general/vast/u1446071/spgemm_matrices/FullChip.mtx --------------
input matrix A: ( 2987012, 2987012 ) nnz = 26621990
 loadfile time    = 10.06086 sec
the tilesize = 16
SpGEMM nnzCub = 9751394287841
[ERROR] FullChip A^2 failed (exit=124)

=== C=A^2: Ga10As10H30 ===
--------------------------------!!!!!!!!------------------------------------
device_id = 0
---------------------------------------------------------------
Device [ 0 ] NVIDIA A100 80GB PCIe @ 1410.00 MHz
MAT: -------------- /scratch/general/vast/u1446071/spgemm_matrices/Ga10As10H30.mtx --------------
input matrix A: ( 113081, 113081 ) nnz = 6115633
 loadfile time    = 3.51258 sec
the tilesize = 16
SpGEMM nnzCub = 1098110645
CSR to Tile conversion uses 101.55 ms
tile space overhead = 73.61 MB
step1 ----Calculate the number and tile-column index of tiles of matrixC---
step1 ---------------------- Runtime is  1.81 ms-------------------------

step2 --------Calculate the number of nonzeros of each tile of matrixC-----
step2 ---------------------- Runtime is  15.43 ms-------------------------

step3 ---------Calculate the val&col of nonzeros of matrixC-------------
step3 ---------------------- Runtime is  54.65 ms------------------------

-----------------------Malloc uses 1.04 ms-------------------------------
Non-empty tiles of C = 3757618
nnzC = 82846248
CUDA  TileSpGEMM runtime is 72.99 ms, gflops = 30.09

=== C=A^2: Ga19As19H42 ===
--------------------------------!!!!!!!!------------------------------------
device_id = 0
---------------------------------------------------------------
Device [ 0 ] NVIDIA A100 80GB PCIe @ 1410.00 MHz
MAT: -------------- /scratch/general/vast/u1446071/spgemm_matrices/Ga19As19H42.mtx --------------
input matrix A: ( 133123, 133123 ) nnz = 8884839
 loadfile time    = 2.39847 sec
the tilesize = 16
SpGEMM nnzCub = 2010298639
CSR to Tile conversion uses 299.69 ms
tile space overhead = 104.93 MB
step1 ----Calculate the number and tile-column index of tiles of matrixC---
step1 ---------------------- Runtime is  1.92 ms-------------------------

step2 --------Calculate the number of nonzeros of each tile of matrixC-----
step2 ---------------------- Runtime is  24.27 ms-------------------------

step3 ---------Calculate the val&col of nonzeros of matrixC-------------
step3 ---------------------- Runtime is  86.07 ms------------------------

-----------------------Malloc uses 1.00 ms-------------------------------
Non-empty tiles of C = 4985575
nnzC = 120719570
CUDA  TileSpGEMM runtime is 113.31 ms, gflops = 35.48

=== C=A^2: Ga3As3H12 ===
--------------------------------!!!!!!!!------------------------------------
device_id = 0
---------------------------------------------------------------
Device [ 0 ] NVIDIA A100 80GB PCIe @ 1410.00 MHz
MAT: -------------- /scratch/general/vast/u1446071/spgemm_matrices/Ga3As3H12.mtx --------------
input matrix A: ( 61349, 61349 ) nnz = 5970947
 loadfile time    = 1.35657 sec
the tilesize = 16
SpGEMM nnzCub = 3677546507
CSR to Tile conversion uses 121.22 ms
tile space overhead = 65.91 MB
step1 ----Calculate the number and tile-column index of tiles of matrixC---
step1 ---------------------- Runtime is  1.76 ms-------------------------

step2 --------Calculate the number of nonzeros of each tile of matrixC-----
step2 ---------------------- Runtime is  17.62 ms-------------------------

step3 ---------Calculate the val&col of nonzeros of matrixC-------------
step3 ---------------------- Runtime is  134.41 ms------------------------

-----------------------Malloc uses 0.93 ms-------------------------------
Non-empty tiles of C = 2243861
nnzC = 67833104
CUDA  TileSpGEMM runtime is 154.76 ms, gflops = 47.52

=== C=A^2: Ga41As41H72 ===
--------------------------------!!!!!!!!------------------------------------
device_id = 0
---------------------------------------------------------------
Device [ 0 ] NVIDIA A100 80GB PCIe @ 1410.00 MHz
MAT: -------------- /scratch/general/vast/u1446071/spgemm_matrices/Ga41As41H72.mtx --------------
input matrix A: ( 268096, 268096 ) nnz = 18488476
 loadfile time    = 4.15511 sec
the tilesize = 16
SpGEMM nnzCub = 4252622992
CSR to Tile conversion uses 242.81 ms
tile space overhead = 217.80 MB
step1 ----Calculate the number and tile-column index of tiles of matrixC---
step1 ---------------------- Runtime is  5.85 ms-------------------------

step2 --------Calculate the number of nonzeros of each tile of matrixC-----
step2 ---------------------- Runtime is  51.80 ms-------------------------

step3 ---------Calculate the val&col of nonzeros of matrixC-------------
step3 ---------------------- Runtime is  171.61 ms------------------------

-----------------------Malloc uses 1.12 ms-------------------------------
Non-empty tiles of C = 10864808
nnzC = 254747171
CUDA  TileSpGEMM runtime is 230.43 ms, gflops = 36.91

=== C=A^2: Ge87H76 ===
--------------------------------!!!!!!!!------------------------------------
device_id = 0
---------------------------------------------------------------
Device [ 0 ] NVIDIA A100 80GB PCIe @ 1410.00 MHz
MAT: -------------- /scratch/general/vast/u1446071/spgemm_matrices/Ge87H76.mtx --------------
input matrix A: ( 112985, 112985 ) nnz = 7892195
 loadfile time    = 1.72553 sec
the tilesize = 16
SpGEMM nnzCub = 1469531179
CSR to Tile conversion uses 183.73 ms
tile space overhead = 93.75 MB
step1 ----Calculate the number and tile-column index of tiles of matrixC---
step1 ---------------------- Runtime is  1.90 ms-------------------------

step2 --------Calculate the number of nonzeros of each tile of matrixC-----
step2 ---------------------- Runtime is  23.33 ms-------------------------

step3 ---------Calculate the val&col of nonzeros of matrixC-------------
step3 ---------------------- Runtime is  84.62 ms------------------------

-----------------------Malloc uses 1.03 ms-------------------------------
Non-empty tiles of C = 4156062
nnzC = 110847975
CUDA  TileSpGEMM runtime is 110.93 ms, gflops = 26.49

=== C=A^2: Ge99H100 ===
--------------------------------!!!!!!!!------------------------------------
device_id = 0
---------------------------------------------------------------
Device [ 0 ] NVIDIA A100 80GB PCIe @ 1410.00 MHz
MAT: -------------- /scratch/general/vast/u1446071/spgemm_matrices/Ge99H100.mtx --------------
input matrix A: ( 112985, 112985 ) nnz = 8451395
 loadfile time    = 1.83712 sec
the tilesize = 16
SpGEMM nnzCub = 1642015363
CSR to Tile conversion uses 173.92 ms
tile space overhead = 99.85 MB
step1 ----Calculate the number and tile-column index of tiles of matrixC---
step1 ---------------------- Runtime is  1.83 ms-------------------------

step2 --------Calculate the number of nonzeros of each tile of matrixC-----
step2 ---------------------- Runtime is  25.85 ms-------------------------

step3 ---------Calculate the val&col of nonzeros of matrixC-------------
step3 ---------------------- Runtime is  91.36 ms------------------------

-----------------------Malloc uses 1.02 ms-------------------------------
Non-empty tiles of C = 4272442
nnzC = 118670309
CUDA  TileSpGEMM runtime is 120.11 ms, gflops = 27.34

=== C=A^2: gearbox ===
--------------------------------!!!!!!!!------------------------------------
device_id = 0
---------------------------------------------------------------
Device [ 0 ] NVIDIA A100 80GB PCIe @ 1410.00 MHz
MAT: -------------- /scratch/general/vast/u1446071/spgemm_matrices/gearbox.mtx --------------
input matrix A: ( 153746, 153746 ) nnz = 9080404
 loadfile time    = 0.75238 sec
the tilesize = 16
SpGEMM nnzCub = 572805818
CSR to Tile conversion uses 118.04 ms
tile space overhead = 88.37 MB
step1 ----Calculate the number and tile-column index of tiles of matrixC---
step1 ---------------------- Runtime is  1.18 ms-------------------------

step2 --------Calculate the number of nonzeros of each tile of matrixC-----
step2 ---------------------- Runtime is  2.13 ms-------------------------

step3 ---------Calculate the val&col of nonzeros of matrixC-------------
step3 ---------------------- Runtime is  17.90 ms------------------------

-----------------------Malloc uses 0.88 ms-------------------------------
Non-empty tiles of C = 748080
nnzC = 37829762
CUDA  TileSpGEMM runtime is 22.15 ms, gflops = 51.73

=== C=A^2: Geo_1438 ===
--------------------------------!!!!!!!!------------------------------------
device_id = 0
---------------------------------------------------------------
Device [ 0 ] NVIDIA A100 80GB PCIe @ 1410.00 MHz
MAT: -------------- /scratch/general/vast/u1446071/spgemm_matrices/Geo_1438.mtx --------------
input matrix A: ( 1437960, 1437960 ) nnz = 63156690
 loadfile time    = 11.56171 sec
the tilesize = 16
SpGEMM nnzCub = 2801728386
CSR to Tile conversion uses 406.07 ms
tile space overhead = 660.91 MB
step1 ----Calculate the number and tile-column index of tiles of matrixC---
step1 ---------------------- Runtime is  4.95 ms-------------------------

step2 --------Calculate the number of nonzeros of each tile of matrixC-----
step2 ---------------------- Runtime is  34.85 ms-------------------------

step3 ---------Calculate the val&col of nonzeros of matrixC-------------
step3 ---------------------- Runtime is  93.06 ms------------------------

-----------------------Malloc uses 1.27 ms-------------------------------
Non-empty tiles of C = 15971459
nnzC = 349881045
CUDA  TileSpGEMM runtime is 134.20 ms, gflops = 41.76

=== C=A^2: gsm_106857 ===
--------------------------------!!!!!!!!------------------------------------
device_id = 0
---------------------------------------------------------------
Device [ 0 ] NVIDIA A100 80GB PCIe @ 1410.00 MHz
MAT: -------------- /scratch/general/vast/u1446071/spgemm_matrices/gsm_106857.mtx --------------
input matrix A: ( 589446, 589446 ) nnz = 21758924
 loadfile time    = 5.22033 sec
the tilesize = 16
SpGEMM nnzCub = 947250936
CSR to Tile conversion uses 980.40 ms
tile space overhead = 510.24 MB
CUDA error 700 [/uufs/chpc.utah.edu/sys/spack/linux-rocky8-nehalem/gcc-8.5.0/cuda-11.8.0-3wlxktsbgw2ui4wvdnsy7w7xyxlkkwju/include/cub/block/../iterator/../util_device.cuh, 375]: an illegal memory access was encountered
CUDA error 700 [/uufs/chpc.utah.edu/sys/spack/linux-rocky8-nehalem/gcc-8.5.0/cuda-11.8.0-3wlxktsbgw2ui4wvdnsy7w7xyxlkkwju/include/cub/block/../iterator/../util_device.cuh, 469]: an illegal memory access was encountered
CUDA error 700 [/uufs/chpc.utah.edu/sys/spack/linux-rocky8-nehalem/gcc-8.5.0/cuda-11.8.0-3wlxktsbgw2ui4wvdnsy7w7xyxlkkwju/include/cub/device/dispatch/dispatch_scan.cuh, 421]: an illegal memory access was encountered
terminate called after throwing an instance of 'thrust::system::system_error'
  what():  after determining tmp storage requirements for exclusive_scan: cudaErrorIllegalAddress: an illegal memory access was encountered
timeout: the monitored command dumped core
[ERROR] gsm_106857 A^2 failed (exit=134)

=== C=A^2: gupta2 ===
--------------------------------!!!!!!!!------------------------------------
device_id = 0
---------------------------------------------------------------
Device [ 0 ] NVIDIA A100 80GB PCIe @ 1410.00 MHz
MAT: -------------- /scratch/general/vast/u1446071/spgemm_matrices/gupta2.mtx --------------
input matrix A: ( 62064, 62064 ) nnz = 4248286
 loadfile time    = 0.36349 sec
the tilesize = 16
SpGEMM nnzCub = 8157571640
CSR to Tile conversion uses 171.27 ms
tile space overhead = 46.37 MB
step1 ----Calculate the number and tile-column index of tiles of matrixC---
step1 ---------------------- Runtime is  2.13 ms-------------------------

step2 --------Calculate the number of nonzeros of each tile of matrixC-----
step2 ---------------------- Runtime is  26.15 ms-------------------------

step3 ---------Calculate the val&col of nonzeros of matrixC-------------
step3 ---------------------- Runtime is  294.26 ms------------------------

-----------------------Malloc uses 1.08 ms-------------------------------
Non-empty tiles of C = 2830481
nnzC = 570337341
CUDA  TileSpGEMM runtime is 323.68 ms, gflops = 50.41

=== C=A^2: gupta3 ===
--------------------------------!!!!!!!!------------------------------------
device_id = 0
---------------------------------------------------------------
Device [ 0 ] NVIDIA A100 80GB PCIe @ 1410.00 MHz
MAT: -------------- /scratch/general/vast/u1446071/spgemm_matrices/gupta3.mtx --------------
input matrix A: ( 16783, 16783 ) nnz = 9323427
 loadfile time    = 0.75325 sec
the tilesize = 16
SpGEMM nnzCub = 30715971817
CSR to Tile conversion uses 962.83 ms
tile space overhead = 84.40 MB
step1 ----Calculate the number and tile-column index of tiles of matrixC---
step1 ---------------------- Runtime is  2.08 ms-------------------------

step2 --------Calculate the number of nonzeros of each tile of matrixC-----
step2 ---------------------- Runtime is  46.19 ms-------------------------

step3 ---------Calculate the val&col of nonzeros of matrixC-------------
step3 ---------------------- Runtime is  897.35 ms------------------------

-----------------------Malloc uses 1.12 ms-------------------------------
Non-empty tiles of C = 1100401
nnzC = 270858805
CUDA  TileSpGEMM runtime is 946.80 ms, gflops = 64.88

=== C=A^2: halfb ===
--------------------------------!!!!!!!!------------------------------------
device_id = 0
---------------------------------------------------------------
Device [ 0 ] NVIDIA A100 80GB PCIe @ 1410.00 MHz
MAT: -------------- /scratch/general/vast/u1446071/spgemm_matrices/halfb.mtx --------------
input matrix A: ( 224617, 224617 ) nnz = 12387821
 loadfile time    = 1.05723 sec
the tilesize = 16
SpGEMM nnzCub = 715500645
CSR to Tile conversion uses 118.28 ms
tile space overhead = 116.72 MB
step1 ----Calculate the number and tile-column index of tiles of matrixC---
step1 ---------------------- Runtime is  1.17 ms-------------------------

step2 --------Calculate the number of nonzeros of each tile of matrixC-----
step2 ---------------------- Runtime is  2.95 ms-------------------------

step3 ---------Calculate the val&col of nonzeros of matrixC-------------
step3 ---------------------- Runtime is  27.78 ms------------------------

-----------------------Malloc uses 0.87 ms-------------------------------
Non-empty tiles of C = 1150583
nnzC = 39087387
CUDA  TileSpGEMM runtime is 32.81 ms, gflops = 43.61

=== C=A^2: heart1 ===
--------------------------------!!!!!!!!------------------------------------
device_id = 0
---------------------------------------------------------------
Device [ 0 ] NVIDIA A100 80GB PCIe @ 1410.00 MHz
MAT: -------------- /scratch/general/vast/u1446071/spgemm_matrices/heart1.mtx --------------
input matrix A: ( 3557, 3557 ) nnz = 1387773
 loadfile time    = 0.59045 sec
the tilesize = 16
SpGEMM nnzCub = 596065851
CSR to Tile conversion uses 53.25 ms
tile space overhead = 12.52 MB
step1 ----Calculate the number and tile-column index of tiles of matrixC---
step1 ---------------------- Runtime is  0.97 ms-------------------------

step2 --------Calculate the number of nonzeros of each tile of matrixC-----
step2 ---------------------- Runtime is  1.06 ms-------------------------

step3 ---------Calculate the val&col of nonzeros of matrixC-------------
step3 ---------------------- Runtime is  38.92 ms------------------------

-----------------------Malloc uses 0.40 ms-------------------------------
Non-empty tiles of C = 45051
nnzC = 5273361
CUDA  TileSpGEMM runtime is 41.40 ms, gflops = 28.79

=== C=A^2: higgs-twitter ===
--------------------------------!!!!!!!!------------------------------------
device_id = 0
---------------------------------------------------------------
Device [ 0 ] NVIDIA A100 80GB PCIe @ 1410.00 MHz
MAT: -------------- /scratch/general/vast/u1446071/spgemm_matrices/higgs-twitter.mtx --------------
input matrix A: ( 456626, 456626 ) nnz = 14855842
 loadfile time    = 2.60636 sec
the tilesize = 16
SpGEMM nnzCub = 1601068599
CSR to Tile conversion uses 1427.52 ms
tile space overhead = 607.10 MB
CUDA error 700 [/uufs/chpc.utah.edu/sys/spack/linux-rocky8-nehalem/gcc-8.5.0/cuda-11.8.0-3wlxktsbgw2ui4wvdnsy7w7xyxlkkwju/include/cub/block/../iterator/../util_device.cuh, 375]: an illegal memory access was encountered
CUDA error 700 [/uufs/chpc.utah.edu/sys/spack/linux-rocky8-nehalem/gcc-8.5.0/cuda-11.8.0-3wlxktsbgw2ui4wvdnsy7w7xyxlkkwju/include/cub/block/../iterator/../util_device.cuh, 469]: an illegal memory access was encountered
CUDA error 700 [/uufs/chpc.utah.edu/sys/spack/linux-rocky8-nehalem/gcc-8.5.0/cuda-11.8.0-3wlxktsbgw2ui4wvdnsy7w7xyxlkkwju/include/cub/device/dispatch/dispatch_scan.cuh, 421]: an illegal memory access was encountered
terminate called after throwing an instance of 'thrust::system::system_error'
  what():  after determining tmp storage requirements for exclusive_scan: cudaErrorIllegalAddress: an illegal memory access was encountered
timeout: the monitored command dumped core
[ERROR] higgs-twitter A^2 failed (exit=134)

=== C=A^2: hollywood-2009 ===
--------------------------------!!!!!!!!------------------------------------
device_id = 0
---------------------------------------------------------------
Device [ 0 ] NVIDIA A100 80GB PCIe @ 1410.00 MHz
MAT: -------------- /scratch/general/vast/u1446071/spgemm_matrices/hollywood-2009.mtx --------------
input matrix A: ( 1139905, 1139905 ) nnz = 113891327
 loadfile time    = 10.56657 sec
the tilesize = 16
SpGEMM nnzCub = 95630208429
CSR to Tile conversion uses 33822.27 ms
tile space overhead = 2134.06 MB
CUDA error 700 [/uufs/chpc.utah.edu/sys/spack/linux-rocky8-nehalem/gcc-8.5.0/cuda-11.8.0-3wlxktsbgw2ui4wvdnsy7w7xyxlkkwju/include/cub/block/../iterator/../util_device.cuh, 375]: an illegal memory access was encountered
CUDA error 700 [/uufs/chpc.utah.edu/sys/spack/linux-rocky8-nehalem/gcc-8.5.0/cuda-11.8.0-3wlxktsbgw2ui4wvdnsy7w7xyxlkkwju/include/cub/block/../iterator/../util_device.cuh, 469]: an illegal memory access was encountered
CUDA error 700 [/uufs/chpc.utah.edu/sys/spack/linux-rocky8-nehalem/gcc-8.5.0/cuda-11.8.0-3wlxktsbgw2ui4wvdnsy7w7xyxlkkwju/include/cub/device/dispatch/dispatch_scan.cuh, 421]: an illegal memory access was encountered
terminate called after throwing an instance of 'thrust::system::system_error'
  what():  after determining tmp storage requirements for exclusive_scan: cudaErrorIllegalAddress: an illegal memory access was encountered
timeout: the monitored command dumped core
[ERROR] hollywood-2009 A^2 failed (exit=134)

=== C=A^2: hood ===
--------------------------------!!!!!!!!------------------------------------
device_id = 0
---------------------------------------------------------------
Device [ 0 ] NVIDIA A100 80GB PCIe @ 1410.00 MHz
MAT: -------------- /scratch/general/vast/u1446071/spgemm_matrices/hood.mtx --------------
input matrix A: ( 220542, 220542 ) nnz = 10768436
 loadfile time    = 2.11651 sec
the tilesize = 16
SpGEMM nnzCub = 562028138
CSR to Tile conversion uses 56.42 ms
tile space overhead = 105.48 MB
step1 ----Calculate the number and tile-column index of tiles of matrixC---
step1 ---------------------- Runtime is  1.13 ms-------------------------

step2 --------Calculate the number of nonzeros of each tile of matrixC-----
step2 ---------------------- Runtime is  5.16 ms-------------------------

step3 ---------Calculate the val&col of nonzeros of matrixC-------------
step3 ---------------------- Runtime is  20.40 ms------------------------

-----------------------Malloc uses 0.89 ms-------------------------------
Non-empty tiles of C = 2096500
nnzC = 39101410
CUDA  TileSpGEMM runtime is 27.62 ms, gflops = 40.70

=== C=A^2: Hook_1498 ===
--------------------------------!!!!!!!!------------------------------------
device_id = 0
---------------------------------------------------------------
Device [ 0 ] NVIDIA A100 80GB PCIe @ 1410.00 MHz
MAT: -------------- /scratch/general/vast/u1446071/spgemm_matrices/Hook_1498.mtx --------------
input matrix A: ( 1498023, 1498023 ) nnz = 60917445
 loadfile time    = 12.10453 sec
the tilesize = 16
SpGEMM nnzCub = 2768898411
CSR to Tile conversion uses 489.21 ms
tile space overhead = 648.30 MB
step1 ----Calculate the number and tile-column index of tiles of matrixC---
step1 ---------------------- Runtime is  5.05 ms-------------------------

step2 --------Calculate the number of nonzeros of each tile of matrixC-----
step2 ---------------------- Runtime is  37.48 ms-------------------------

step3 ---------Calculate the val&col of nonzeros of matrixC-------------
step3 ---------------------- Runtime is  92.87 ms------------------------

-----------------------Malloc uses 1.26 ms-------------------------------
Non-empty tiles of C = 17292529
nnzC = 360495239
CUDA  TileSpGEMM runtime is 136.71 ms, gflops = 40.51

=== C=A^2: human_gene1 ===
--------------------------------!!!!!!!!------------------------------------
device_id = 0
---------------------------------------------------------------
Device [ 0 ] NVIDIA A100 80GB PCIe @ 1410.00 MHz
MAT: -------------- /scratch/general/vast/u1446071/spgemm_matrices/human_gene1.mtx --------------
input matrix A: ( 22283, 22283 ) nnz = 24669643
 loadfile time    = 5.05577 sec
the tilesize = 16
SpGEMM nnzCub = 71557562711
CSR to Tile conversion uses 2703.44 ms
tile space overhead = 309.18 MB
step1 ----Calculate the number and tile-column index of tiles of matrixC---
step1 ---------------------- Runtime is  30.49 ms-------------------------

step2 --------Calculate the number of nonzeros of each tile of matrixC-----
step2 ---------------------- Runtime is  374.58 ms-------------------------

step3 ---------Calculate the val&col of nonzeros of matrixC-------------
step3 ---------------------- Runtime is  3891.52 ms------------------------

-----------------------Malloc uses 1.07 ms-------------------------------
Non-empty tiles of C = 1934883
nnzC = 224112639
CUDA  TileSpGEMM runtime is 4297.71 ms, gflops = 33.30

=== C=A^2: human_gene2 ===
--------------------------------!!!!!!!!------------------------------------
device_id = 0
---------------------------------------------------------------
Device [ 0 ] NVIDIA A100 80GB PCIe @ 1410.00 MHz
MAT: -------------- /scratch/general/vast/u1446071/spgemm_matrices/human_gene2.mtx --------------
input matrix A: ( 14340, 14340 ) nnz = 18068388
 loadfile time    = 3.00084 sec
the tilesize = 16
SpGEMM nnzCub = 49883051738
CSR to Tile conversion uses 1245.15 ms
tile space overhead = 197.23 MB
step1 ----Calculate the number and tile-column index of tiles of matrixC---
step1 ---------------------- Runtime is  13.69 ms-------------------------

step2 --------Calculate the number of nonzeros of each tile of matrixC-----
step2 ---------------------- Runtime is  91.76 ms-------------------------

step3 ---------Calculate the val&col of nonzeros of matrixC-------------
step3 ---------------------- Runtime is  2114.99 ms------------------------

-----------------------Malloc uses 0.99 ms-------------------------------
Non-empty tiles of C = 801027
nnzC = 163153048
CUDA  TileSpGEMM runtime is 2221.49 ms, gflops = 44.91

=== C=A^2: in-2004 ===
--------------------------------!!!!!!!!------------------------------------
device_id = 0
---------------------------------------------------------------
Device [ 0 ] NVIDIA A100 80GB PCIe @ 1410.00 MHz
MAT: -------------- /scratch/general/vast/u1446071/spgemm_matrices/in-2004.mtx --------------
input matrix A: ( 1382908, 1382908 ) nnz = 16917053
 loadfile time    = 2.81563 sec
the tilesize = 16
SpGEMM nnzCub = 1708503481
CSR to Tile conversion uses 182.57 ms
tile space overhead = 186.24 MB
step1 ----Calculate the number and tile-column index of tiles of matrixC---
step1 ---------------------- Runtime is  5.36 ms-------------------------

step2 --------Calculate the number of nonzeros of each tile of matrixC-----
step2 ---------------------- Runtime is  16.45 ms-------------------------

step3 ---------Calculate the val&col of nonzeros of matrixC-------------
step3 ---------------------- Runtime is  82.97 ms------------------------

-----------------------Malloc uses 1.02 ms-------------------------------
Non-empty tiles of C = 7580068
nnzC = 146653240
CUDA  TileSpGEMM runtime is 105.85 ms, gflops = 32.28

=== C=A^2: indochina-2004 ===
--------------------------------!!!!!!!!------------------------------------
device_id = 0
---------------------------------------------------------------
Device [ 0 ] NVIDIA A100 80GB PCIe @ 1410.00 MHz
MAT: -------------- /scratch/general/vast/u1446071/spgemm_matrices/indochina-2004.mtx --------------
input matrix A: ( 7414866, 7414866 ) nnz = 194109311
 loadfile time    = 36.13888 sec
the tilesize = 16
SpGEMM nnzCub = 346753756151
CSR to Tile conversion uses 9286.96 ms
tile space overhead = 1993.98 MB
step1 ----Calculate the number and tile-column index of tiles of matrixC---
step1 ---------------------- Runtime is  89.06 ms-------------------------

step2 --------Calculate the number of nonzeros of each tile of matrixC-----
step2 ---------------------- Runtime is  238.97 ms-------------------------

step3 ---------Calculate the val&col of nonzeros of matrixC-------------
step3 ---------------------- Runtime is  5289.73 ms------------------------

-----------------------Malloc uses 9.02 ms-------------------------------
Non-empty tiles of C = 84049253
nnzC = 1451587659
CUDA  TileSpGEMM runtime is 5626.84 ms, gflops = 123.25

=== C=A^2: inline_1 ===
--------------------------------!!!!!!!!------------------------------------
device_id = 0
---------------------------------------------------------------
Device [ 0 ] NVIDIA A100 80GB PCIe @ 1410.00 MHz
MAT: -------------- /scratch/general/vast/u1446071/spgemm_matrices/inline_1.mtx --------------
input matrix A: ( 503712, 503712 ) nnz = 36816342
 loadfile time    = 8.18727 sec
the tilesize = 16
SpGEMM nnzCub = 3330443366
CSR to Tile conversion uses 278.49 ms
tile space overhead = 384.05 MB
step1 ----Calculate the number and tile-column index of tiles of matrixC---
step1 ---------------------- Runtime is  14.03 ms-------------------------

step2 --------Calculate the number of nonzeros of each tile of matrixC-----
step2 ---------------------- Runtime is  49.91 ms-------------------------

step3 ---------Calculate the val&col of nonzeros of matrixC-------------
step3 ---------------------- Runtime is  115.52 ms------------------------

-----------------------Malloc uses 1.26 ms-------------------------------
Non-empty tiles of C = 22967726
nnzC = 313556586
CUDA  TileSpGEMM runtime is 180.78 ms, gflops = 36.85

=== C=A^2: kim2 ===
--------------------------------!!!!!!!!------------------------------------
device_id = 0
---------------------------------------------------------------
Device [ 0 ] NVIDIA A100 80GB PCIe @ 1410.00 MHz
MAT: -------------- /scratch/general/vast/u1446071/spgemm_matrices/kim2.mtx --------------
input matrix A: ( 456976, 456976 ) nnz = 11330020
 loadfile time    = 5.85990 sec
the tilesize = 16
SpGEMM nnzCub = 281999272
CSR to Tile conversion uses 129.19 ms
tile space overhead = 114.07 MB
step1 ----Calculate the number and tile-column index of tiles of matrixC---
step1 ---------------------- Runtime is  1.76 ms-------------------------

step2 --------Calculate the number of nonzeros of each tile of matrixC-----
step2 ---------------------- Runtime is  2.02 ms-------------------------

step3 ---------Calculate the val&col of nonzeros of matrixC-------------
step3 ---------------------- Runtime is  9.78 ms------------------------

-----------------------Malloc uses 0.90 ms-------------------------------
Non-empty tiles of C = 938113
nnzC = 50653153
CUDA  TileSpGEMM runtime is 14.49 ms, gflops = 38.91

=== C=A^2: kmer_A2a ===
--------------------------------!!!!!!!!------------------------------------
device_id = 0
---------------------------------------------------------------
Device [ 0 ] NVIDIA A100 80GB PCIe @ 1410.00 MHz
MAT: -------------- /scratch/general/vast/u1446071/spgemm_matrices/kmer_A2a.mtx --------------
input matrix A: ( 170728175, 170728175 ) nnz = 360585172
 loadfile time    = 38.52134 sec
the tilesize = 16
SpGEMM nnzCub = 816003894
timeout: the monitored command dumped core
[ERROR] kmer_A2a A^2 failed (exit=139)

=== C=A^2: kmer_P1a ===
--------------------------------!!!!!!!!------------------------------------
device_id = 0
---------------------------------------------------------------
Device [ 0 ] NVIDIA A100 80GB PCIe @ 1410.00 MHz
MAT: -------------- /scratch/general/vast/u1446071/spgemm_matrices/kmer_P1a.mtx --------------
input matrix A: ( 139353211, 139353211 ) nnz = 297829984
 loadfile time    = 33.31508 sec
the tilesize = 16
SpGEMM nnzCub = 693044878
timeout: the monitored command dumped core
[ERROR] kmer_P1a A^2 failed (exit=139)

=== C=A^2: kmer_U1a ===
--------------------------------!!!!!!!!------------------------------------
device_id = 0
---------------------------------------------------------------
Device [ 0 ] NVIDIA A100 80GB PCIe @ 1410.00 MHz
MAT: -------------- /scratch/general/vast/u1446071/spgemm_matrices/kmer_U1a.mtx --------------
input matrix A: ( 67716231, 67716231 ) nnz = 138778562
 loadfile time    = 14.73357 sec
the tilesize = 16
SpGEMM nnzCub = 293457606
CSR to Tile conversion uses 2825.01 ms
tile space overhead = 6052.06 MB
timeout: the monitored command dumped core
[ERROR] kmer_U1a A^2 failed (exit=139)

=== C=A^2: kmer_V1r ===
--------------------------------!!!!!!!!------------------------------------
device_id = 0
---------------------------------------------------------------
Device [ 0 ] NVIDIA A100 80GB PCIe @ 1410.00 MHz
MAT: -------------- /scratch/general/vast/u1446071/spgemm_matrices/kmer_V1r.mtx --------------
input matrix A: ( 214005017, 214005017 ) nnz = 465410904
 loadfile time    = 47.29346 sec
the tilesize = 16
SpGEMM nnzCub = 1080000338
timeout: the monitored command dumped core
[ERROR] kmer_V1r A^2 failed (exit=139)

=== C=A^2: kmer_V2a ===
--------------------------------!!!!!!!!------------------------------------
device_id = 0
---------------------------------------------------------------
Device [ 0 ] NVIDIA A100 80GB PCIe @ 1410.00 MHz
MAT: -------------- /scratch/general/vast/u1446071/spgemm_matrices/kmer_V2a.mtx --------------
input matrix A: ( 55042369, 55042369 ) nnz = 117217600
 loadfile time    = 12.27899 sec
the tilesize = 16
SpGEMM nnzCub = 274563472
CSR to Tile conversion uses 2160.89 ms
tile space overhead = 4882.22 MB
timeout: the monitored command dumped core
[ERROR] kmer_V2a A^2 failed (exit=139)

=== C=A^2: kron_g500-logn16 ===
--------------------------------!!!!!!!!------------------------------------
device_id = 0
---------------------------------------------------------------
Device [ 0 ] NVIDIA A100 80GB PCIe @ 1410.00 MHz
MAT: -------------- /scratch/general/vast/u1446071/spgemm_matrices/kron_g500-logn16.mtx --------------
input matrix A: ( 65536, 65536 ) nnz = 4912469
 loadfile time    = 0.52699 sec
the tilesize = 16
SpGEMM nnzCub = 6768428563
CSR to Tile conversion uses 832.89 ms
tile space overhead = 227.87 MB
step1 ----Calculate the number and tile-column index of tiles of matrixC---
step1 ---------------------- Runtime is  42.06 ms-------------------------

step2 --------Calculate the number of nonzeros of each tile of matrixC-----
step2 ---------------------- Runtime is  1573.47 ms-------------------------

step3 ---------Calculate the val&col of nonzeros of matrixC-------------
step3 ---------------------- Runtime is  6433.08 ms------------------------

-----------------------Malloc uses 1.50 ms-------------------------------
Non-empty tiles of C = 16777214
nnzC = 972785311
CUDA  TileSpGEMM runtime is 8050.17 ms, gflops = 1.68

=== C=A^2: kron_g500-logn17 ===
--------------------------------!!!!!!!!------------------------------------
device_id = 0
---------------------------------------------------------------
Device [ 0 ] NVIDIA A100 80GB PCIe @ 1410.00 MHz
MAT: -------------- /scratch/general/vast/u1446071/spgemm_matrices/kron_g500-logn17.mtx --------------
input matrix A: ( 131072, 131072 ) nnz = 10228360
 loadfile time    = 1.11906 sec
the tilesize = 16
SpGEMM nnzCub = 19536683396
CSR to Tile conversion uses 2269.43 ms
tile space overhead = 521.69 MB
step1 ----Calculate the number and tile-column index of tiles of matrixC---
step1 ---------------------- Runtime is  127.06 ms-------------------------

step2 --------Calculate the number of nonzeros of each tile of matrixC-----
step2 ---------------------- Runtime is  12647.68 ms-------------------------

step3 ---------Calculate the val&col of nonzeros of matrixC-------------
step3 ---------------------- Runtime is  29755.37 ms------------------------

-----------------------Malloc uses 1.86 ms-------------------------------
Non-empty tiles of C = 67108692
nnzC = 1551590507
CUDA  TileSpGEMM runtime is 42532.04 ms, gflops = 0.92

=== C=A^2: kron_g500-logn18 ===
--------------------------------!!!!!!!!------------------------------------
device_id = 0
---------------------------------------------------------------
Device [ 0 ] NVIDIA A100 80GB PCIe @ 1410.00 MHz
MAT: -------------- /scratch/general/vast/u1446071/spgemm_matrices/kron_g500-logn18.mtx --------------
input matrix A: ( 262144, 262144 ) nnz = 21165908
 loadfile time    = 2.36295 sec
the tilesize = 16
SpGEMM nnzCub = 55677340576
CSR to Tile conversion uses 6320.36 ms
tile space overhead = 1147.34 MB
step1 ----Calculate the number and tile-column index of tiles of matrixC---
step1 ---------------------- Runtime is  364.57 ms-------------------------

step2 --------Calculate the number of nonzeros of each tile of matrixC-----
step2 ---------------------- Runtime is  52690.99 ms-------------------------

step3 ---------Calculate the val&col of nonzeros of matrixC-------------
step3 ---------------------- Runtime is  9780.38 ms------------------------

-----------------------Malloc uses 2.27 ms-------------------------------
Non-empty tiles of C = 268420216
nnzC = 405693790
CUDA  TileSpGEMM runtime is 62838.26 ms, gflops = 1.77

=== C=A^2: kron_g500-logn19 ===
--------------------------------!!!!!!!!------------------------------------
device_id = 0
---------------------------------------------------------------
Device [ 0 ] NVIDIA A100 80GB PCIe @ 1410.00 MHz
MAT: -------------- /scratch/general/vast/u1446071/spgemm_matrices/kron_g500-logn19.mtx --------------
input matrix A: ( 524288, 524288 ) nnz = 43562265
 loadfile time    = 5.01399 sec
the tilesize = 16
SpGEMM nnzCub = 157019711615
CSR to Tile conversion uses 17478.82 ms
tile space overhead = 2465.50 MB
CUDA error 700 [/uufs/chpc.utah.edu/sys/spack/linux-rocky8-nehalem/gcc-8.5.0/cuda-11.8.0-3wlxktsbgw2ui4wvdnsy7w7xyxlkkwju/include/cub/block/../iterator/../util_device.cuh, 375]: an illegal memory access was encountered
CUDA error 700 [/uufs/chpc.utah.edu/sys/spack/linux-rocky8-nehalem/gcc-8.5.0/cuda-11.8.0-3wlxktsbgw2ui4wvdnsy7w7xyxlkkwju/include/cub/block/../iterator/../util_device.cuh, 469]: an illegal memory access was encountered
CUDA error 700 [/uufs/chpc.utah.edu/sys/spack/linux-rocky8-nehalem/gcc-8.5.0/cuda-11.8.0-3wlxktsbgw2ui4wvdnsy7w7xyxlkkwju/include/cub/device/dispatch/dispatch_scan.cuh, 421]: an illegal memory access was encountered
terminate called after throwing an instance of 'thrust::system::system_error'
  what():  after determining tmp storage requirements for exclusive_scan: cudaErrorIllegalAddress: an illegal memory access was encountered
timeout: the monitored command dumped core
[ERROR] kron_g500-logn19 A^2 failed (exit=134)

=== C=A^2: kron_g500-logn20 ===
--------------------------------!!!!!!!!------------------------------------
device_id = 0
---------------------------------------------------------------
Device [ 0 ] NVIDIA A100 80GB PCIe @ 1410.00 MHz
MAT: -------------- /scratch/general/vast/u1446071/spgemm_matrices/kron_g500-logn20.mtx --------------
input matrix A: ( 1048576, 1048576 ) nnz = 89239674
 loadfile time    = 10.69694 sec
the tilesize = 16
SpGEMM nnzCub = 438410747284
CSR to Tile conversion uses 45161.84 ms
tile space overhead = 5201.25 MB
CUDA error 700 [/uufs/chpc.utah.edu/sys/spack/linux-rocky8-nehalem/gcc-8.5.0/cuda-11.8.0-3wlxktsbgw2ui4wvdnsy7w7xyxlkkwju/include/cub/block/../iterator/../util_device.cuh, 375]: an illegal memory access was encountered
CUDA error 700 [/uufs/chpc.utah.edu/sys/spack/linux-rocky8-nehalem/gcc-8.5.0/cuda-11.8.0-3wlxktsbgw2ui4wvdnsy7w7xyxlkkwju/include/cub/block/../iterator/../util_device.cuh, 469]: an illegal memory access was encountered
CUDA error 700 [/uufs/chpc.utah.edu/sys/spack/linux-rocky8-nehalem/gcc-8.5.0/cuda-11.8.0-3wlxktsbgw2ui4wvdnsy7w7xyxlkkwju/include/cub/device/dispatch/dispatch_scan.cuh, 421]: an illegal memory access was encountered
terminate called after throwing an instance of 'thrust::system::system_error'
  what():  after determining tmp storage requirements for exclusive_scan: cudaErrorIllegalAddress: an illegal memory access was encountered
timeout: the monitored command dumped core
[ERROR] kron_g500-logn20 A^2 failed (exit=134)

=== C=A^2: kron_g500-logn21 ===
--------------------------------!!!!!!!!------------------------------------
device_id = 0
---------------------------------------------------------------
Device [ 0 ] NVIDIA A100 80GB PCIe @ 1410.00 MHz
MAT: -------------- /scratch/general/vast/u1446071/spgemm_matrices/kron_g500-logn21.mtx --------------
input matrix A: ( 2097152, 2097152 ) nnz = 182082942
 loadfile time    = 22.99941 sec
the tilesize = 16
SpGEMM nnzCub = 1213270258808
timeout: the monitored command dumped core
[ERROR] kron_g500-logn21 A^2 failed (exit=139)

=== C=A^2: laminar_duct3D ===
--------------------------------!!!!!!!!------------------------------------
device_id = 0
---------------------------------------------------------------
Device [ 0 ] NVIDIA A100 80GB PCIe @ 1410.00 MHz
MAT: -------------- /scratch/general/vast/u1446071/spgemm_matrices/laminar_duct3D.mtx --------------
input matrix A: ( 67173, 67173 ) nnz = 3833077
 loadfile time    = 1.67256 sec
the tilesize = 16
SpGEMM nnzCub = 286051210
CSR to Tile conversion uses 100.30 ms
tile space overhead = 37.57 MB
step1 ----Calculate the number and tile-column index of tiles of matrixC---
step1 ---------------------- Runtime is  1.09 ms-------------------------

step2 --------Calculate the number of nonzeros of each tile of matrixC-----
step2 ---------------------- Runtime is  1.13 ms-------------------------

step3 ---------Calculate the val&col of nonzeros of matrixC-------------
step3 ---------------------- Runtime is  9.72 ms------------------------

-----------------------Malloc uses 0.86 ms-------------------------------
Non-empty tiles of C = 483175
nnzC = 22328230
CUDA  TileSpGEMM runtime is 12.85 ms, gflops = 44.54

=== C=A^2: ldoor ===
--------------------------------!!!!!!!!------------------------------------
device_id = 0
---------------------------------------------------------------
Device [ 0 ] NVIDIA A100 80GB PCIe @ 1410.00 MHz
MAT: -------------- /scratch/general/vast/u1446071/spgemm_matrices/ldoor.mtx --------------
input matrix A: ( 952203, 952203 ) nnz = 46522475
 loadfile time    = 9.07792 sec
the tilesize = 16
SpGEMM nnzCub = 2408881377
CSR to Tile conversion uses 231.63 ms
tile space overhead = 452.83 MB
step1 ----Calculate the number and tile-column index of tiles of matrixC---
step1 ---------------------- Runtime is  3.02 ms-------------------------

step2 --------Calculate the number of nonzeros of each tile of matrixC-----
step2 ---------------------- Runtime is  18.37 ms-------------------------

step3 ---------Calculate the val&col of nonzeros of matrixC-------------
step3 ---------------------- Runtime is  69.95 ms------------------------

-----------------------Malloc uses 1.11 ms-------------------------------
Non-empty tiles of C = 8526273
nnzC = 166928097
CUDA  TileSpGEMM runtime is 92.51 ms, gflops = 52.08

=== C=A^2: ljournal-2008 ===
--------------------------------!!!!!!!!------------------------------------
device_id = 0
---------------------------------------------------------------
Device [ 0 ] NVIDIA A100 80GB PCIe @ 1410.00 MHz
MAT: -------------- /scratch/general/vast/u1446071/spgemm_matrices/ljournal-2008.mtx --------------
input matrix A: ( 5363260, 5363260 ) nnz = 79023142
 loadfile time    = 15.56917 sec
the tilesize = 16
SpGEMM nnzCub = 7828656041
CSR to Tile conversion uses 10558.07 ms
tile space overhead = 2363.91 MB
CUDA error 700 [/uufs/chpc.utah.edu/sys/spack/linux-rocky8-nehalem/gcc-8.5.0/cuda-11.8.0-3wlxktsbgw2ui4wvdnsy7w7xyxlkkwju/include/cub/block/../iterator/../util_device.cuh, 375]: an illegal memory access was encountered
CUDA error 700 [/uufs/chpc.utah.edu/sys/spack/linux-rocky8-nehalem/gcc-8.5.0/cuda-11.8.0-3wlxktsbgw2ui4wvdnsy7w7xyxlkkwju/include/cub/block/../iterator/../util_device.cuh, 469]: an illegal memory access was encountered
CUDA error 700 [/uufs/chpc.utah.edu/sys/spack/linux-rocky8-nehalem/gcc-8.5.0/cuda-11.8.0-3wlxktsbgw2ui4wvdnsy7w7xyxlkkwju/include/cub/device/dispatch/dispatch_scan.cuh, 421]: an illegal memory access was encountered
terminate called after throwing an instance of 'thrust::system::system_error'
  what():  after determining tmp storage requirements for exclusive_scan: cudaErrorIllegalAddress: an illegal memory access was encountered
timeout: the monitored command dumped core
[ERROR] ljournal-2008 A^2 failed (exit=134)

=== C=A^2: Long_Coup_dt0 ===
--------------------------------!!!!!!!!------------------------------------
device_id = 0
---------------------------------------------------------------
Device [ 0 ] NVIDIA A100 80GB PCIe @ 1410.00 MHz
MAT: -------------- /scratch/general/vast/u1446071/spgemm_matrices/Long_Coup_dt0.mtx --------------
input matrix A: ( 1470152, 1470152 ) nnz = 87088992
 loadfile time    = 16.08972 sec
the tilesize = 16
SpGEMM nnzCub = 5224243712
CSR to Tile conversion uses 320.39 ms
tile space overhead = 854.51 MB
step1 ----Calculate the number and tile-column index of tiles of matrixC---
step1 ---------------------- Runtime is  4.68 ms-------------------------

step2 --------Calculate the number of nonzeros of each tile of matrixC-----
step2 ---------------------- Runtime is  30.82 ms-------------------------

step3 ---------Calculate the val&col of nonzeros of matrixC-------------
step3 ---------------------- Runtime is  114.37 ms------------------------

-----------------------Malloc uses 1.28 ms-------------------------------
Non-empty tiles of C = 14367969
nnzC = 429818256
CUDA  TileSpGEMM runtime is 151.21 ms, gflops = 69.10

=== C=A^2: Long_Coup_dt6 ===
--------------------------------!!!!!!!!------------------------------------
device_id = 0
---------------------------------------------------------------
Device [ 0 ] NVIDIA A100 80GB PCIe @ 1410.00 MHz
MAT: -------------- /scratch/general/vast/u1446071/spgemm_matrices/Long_Coup_dt6.mtx --------------
input matrix A: ( 1470152, 1470152 ) nnz = 87088992
 loadfile time    = 16.18307 sec
the tilesize = 16
SpGEMM nnzCub = 5224243712
CSR to Tile conversion uses 320.08 ms
tile space overhead = 854.51 MB
step1 ----Calculate the number and tile-column index of tiles of matrixC---
step1 ---------------------- Runtime is  4.68 ms-------------------------

step2 --------Calculate the number of nonzeros of each tile of matrixC-----
step2 ---------------------- Runtime is  30.76 ms-------------------------

step3 ---------Calculate the val&col of nonzeros of matrixC-------------
step3 ---------------------- Runtime is  115.89 ms------------------------

-----------------------Malloc uses 1.24 ms-------------------------------
Non-empty tiles of C = 14367969
nnzC = 429816545
CUDA  TileSpGEMM runtime is 152.62 ms, gflops = 68.46

=== C=A^2: mac_econ_fwd500 ===
--------------------------------!!!!!!!!------------------------------------
device_id = 0
---------------------------------------------------------------
Device [ 0 ] NVIDIA A100 80GB PCIe @ 1410.00 MHz
MAT: -------------- /scratch/general/vast/u1446071/spgemm_matrices/mac_econ_fwd500.mtx --------------
input matrix A: ( 206500, 206500 ) nnz = 1273389
 loadfile time    = 0.46999 sec
the tilesize = 16
SpGEMM nnzCub = 7556897
CSR to Tile conversion uses 34.58 ms
tile space overhead = 26.37 MB
step1 ----Calculate the number and tile-column index of tiles of matrixC---
step1 ---------------------- Runtime is  1.16 ms-------------------------

step2 --------Calculate the number of nonzeros of each tile of matrixC-----
step2 ---------------------- Runtime is  3.88 ms-------------------------

step3 ---------Calculate the val&col of nonzeros of matrixC-------------
step3 ---------------------- Runtime is  3.19 ms------------------------

-----------------------Malloc uses 1.01 ms-------------------------------
Non-empty tiles of C = 1813390
nnzC = 5494126
CUDA  TileSpGEMM runtime is 9.30 ms, gflops = 1.63

=== C=A^2: mawi_201512020030 ===
--------------------------------!!!!!!!!------------------------------------
device_id = 0
---------------------------------------------------------------
Device [ 0 ] NVIDIA A100 80GB PCIe @ 1410.00 MHz
MAT: -------------- /scratch/general/vast/u1446071/spgemm_matrices/mawi_201512020030.mtx --------------
input matrix A: ( 68863315, 68863315 ) nnz = 143414960
 loadfile time    = 16.66529 sec
the tilesize = 16
SpGEMM nnzCub = 3974321527657862
[ERROR] mawi_201512020030 A^2 failed (exit=124)

=== C=A^2: mawi_201512020130 ===
--------------------------------!!!!!!!!------------------------------------
device_id = 0
---------------------------------------------------------------
Device [ 0 ] NVIDIA A100 80GB PCIe @ 1410.00 MHz
MAT: -------------- /scratch/general/vast/u1446071/spgemm_matrices/mawi_201512020130.mtx --------------
input matrix A: ( 128568730, 128568730 ) nnz = 270234840
 loadfile time    = 31.65786 sec
the tilesize = 16
SpGEMM nnzCub = 14207313062962228
[ERROR] mawi_201512020130 A^2 failed (exit=124)

=== C=A^2: mawi_201512020330 ===
--------------------------------!!!!!!!!------------------------------------
device_id = 0
---------------------------------------------------------------
Device [ 0 ] NVIDIA A100 80GB PCIe @ 1410.00 MHz
MAT: -------------- /scratch/general/vast/u1446071/spgemm_matrices/mawi_201512020330.mtx --------------
input matrix A: ( 226196185, 226196185 ) nnz = 480047894
 loadfile time    = 58.62713 sec
the tilesize = 16
SpGEMM nnzCub = 44436208638696954
timeout: the monitored command dumped core
[ERROR] mawi_201512020330 A^2 failed (exit=139)

=== C=A^2: mc2depi ===
--------------------------------!!!!!!!!------------------------------------
device_id = 0
---------------------------------------------------------------
Device [ 0 ] NVIDIA A100 80GB PCIe @ 1410.00 MHz
MAT: -------------- /scratch/general/vast/u1446071/spgemm_matrices/mc2depi.mtx --------------
input matrix A: ( 525825, 525825 ) nnz = 2100225
 loadfile time    = 0.45860 sec
the tilesize = 16
SpGEMM nnzCub = 8391680
CSR to Tile conversion uses 131.77 ms
tile space overhead = 26.89 MB
step1 ----Calculate the number and tile-column index of tiles of matrixC---
step1 ---------------------- Runtime is  1.45 ms-------------------------

step2 --------Calculate the number of nonzeros of each tile of matrixC-----
step2 ---------------------- Runtime is  1.21 ms-------------------------

step3 ---------Calculate the val&col of nonzeros of matrixC-------------
step3 ---------------------- Runtime is  1.02 ms------------------------

-----------------------Malloc uses 0.78 ms-------------------------------
Non-empty tiles of C = 457835
nnzC = 5182418
CUDA  TileSpGEMM runtime is 4.50 ms, gflops = 3.73

=== C=A^2: mip1 ===
--------------------------------!!!!!!!!------------------------------------
device_id = 0
---------------------------------------------------------------
Device [ 0 ] NVIDIA A100 80GB PCIe @ 1410.00 MHz
MAT: -------------- /scratch/general/vast/u1446071/spgemm_matrices/mip1.mtx --------------
input matrix A: ( 66463, 66463 ) nnz = 10352819
 loadfile time    = 0.88630 sec
the tilesize = 16
SpGEMM nnzCub = 9789022557
CSR to Tile conversion uses 212.79 ms
tile space overhead = 93.39 MB
step1 ----Calculate the number and tile-column index of tiles of matrixC---
step1 ---------------------- Runtime is  7.31 ms-------------------------

step2 --------Calculate the number of nonzeros of each tile of matrixC-----
step2 ---------------------- Runtime is  38.24 ms-------------------------

step3 ---------Calculate the val&col of nonzeros of matrixC-------------
step3 ---------------------- Runtime is  448.58 ms------------------------

-----------------------Malloc uses 0.80 ms-------------------------------
Non-empty tiles of C = 17255716
nnzC = -1372610305
CUDA  TileSpGEMM runtime is 494.98 ms, gflops = 39.55

=== C=A^2: ML_Geer ===
--------------------------------!!!!!!!!------------------------------------
device_id = 0
---------------------------------------------------------------
Device [ 0 ] NVIDIA A100 80GB PCIe @ 1410.00 MHz
MAT: -------------- /scratch/general/vast/u1446071/spgemm_matrices/ML_Geer.mtx --------------
input matrix A: ( 1504002, 1504002 ) nnz = 110879972
 loadfile time    = 45.83749 sec
the tilesize = 16
SpGEMM nnzCub = 8183887848
CSR to Tile conversion uses 317.75 ms
tile space overhead = 1037.75 MB
step1 ----Calculate the number and tile-column index of tiles of matrixC---
step1 ---------------------- Runtime is  3.35 ms-------------------------

step2 --------Calculate the number of nonzeros of each tile of matrixC-----
step2 ---------------------- Runtime is  12.03 ms-------------------------

step3 ---------Calculate the val&col of nonzeros of matrixC-------------
step3 ---------------------- Runtime is  176.15 ms------------------------

-----------------------Malloc uses 1.15 ms-------------------------------
Non-empty tiles of C = 5291941
nnzC = 391723748
CUDA  TileSpGEMM runtime is 192.73 ms, gflops = 84.92

=== C=A^2: ML_Laplace ===
--------------------------------!!!!!!!!------------------------------------
device_id = 0
---------------------------------------------------------------
Device [ 0 ] NVIDIA A100 80GB PCIe @ 1410.00 MHz
MAT: -------------- /scratch/general/vast/u1446071/spgemm_matrices/ML_Laplace.mtx --------------
input matrix A: ( 377002, 377002 ) nnz = 27689972
 loadfile time    = 10.93966 sec
the tilesize = 16
SpGEMM nnzCub = 2038451848
CSR to Tile conversion uses 288.34 ms
tile space overhead = 258.78 MB
step1 ----Calculate the number and tile-column index of tiles of matrixC---
step1 ---------------------- Runtime is  1.67 ms-------------------------

step2 --------Calculate the number of nonzeros of each tile of matrixC-----
step2 ---------------------- Runtime is  3.26 ms-------------------------

step3 ---------Calculate the val&col of nonzeros of matrixC-------------
step3 ---------------------- Runtime is  47.71 ms------------------------

-----------------------Malloc uses 0.92 ms-------------------------------
Non-empty tiles of C = 1320887
nnzC = 97022578
CUDA  TileSpGEMM runtime is 53.60 ms, gflops = 76.06

=== C=A^2: mouse_gene ===
--------------------------------!!!!!!!!------------------------------------
device_id = 0
---------------------------------------------------------------
Device [ 0 ] NVIDIA A100 80GB PCIe @ 1410.00 MHz
MAT: -------------- /scratch/general/vast/u1446071/spgemm_matrices/mouse_gene.mtx --------------
input matrix A: ( 45101, 45101 ) nnz = 28967291
 loadfile time    = 7.51571 sec
the tilesize = 16
SpGEMM nnzCub = 51703801103
CSR to Tile conversion uses 4181.73 ms
tile space overhead = 559.06 MB
step1 ----Calculate the number and tile-column index of tiles of matrixC---
step1 ---------------------- Runtime is  133.32 ms-------------------------

step2 --------Calculate the number of nonzeros of each tile of matrixC-----
step2 ---------------------- Runtime is  2165.66 ms-------------------------

step3 ---------Calculate the val&col of nonzeros of matrixC-------------
step3 ---------------------- Runtime is  12151.62 ms------------------------

-----------------------Malloc uses 1.30 ms-------------------------------
Non-empty tiles of C = 7946761
nnzC = 482594045
CUDA  TileSpGEMM runtime is 14451.95 ms, gflops = 7.16

=== C=A^2: msdoor ===
--------------------------------!!!!!!!!------------------------------------
device_id = 0
---------------------------------------------------------------
Device [ 0 ] NVIDIA A100 80GB PCIe @ 1410.00 MHz
MAT: -------------- /scratch/general/vast/u1446071/spgemm_matrices/msdoor.mtx --------------
input matrix A: ( 415863, 415863 ) nnz = 20240935
 loadfile time    = 3.97234 sec
the tilesize = 16
SpGEMM nnzCub = 1042194293
CSR to Tile conversion uses 212.54 ms
tile space overhead = 199.69 MB
step1 ----Calculate the number and tile-column index of tiles of matrixC---
step1 ---------------------- Runtime is  3.10 ms-------------------------

step2 --------Calculate the number of nonzeros of each tile of matrixC-----
step2 ---------------------- Runtime is  9.31 ms-------------------------

step3 ---------Calculate the val&col of nonzeros of matrixC-------------
step3 ---------------------- Runtime is  35.10 ms------------------------

-----------------------Malloc uses 1.14 ms-------------------------------
Non-empty tiles of C = 4204626
nnzC = 73917760
CUDA  TileSpGEMM runtime is 48.70 ms, gflops = 42.80

=== C=A^2: m_t1 ===
--------------------------------!!!!!!!!------------------------------------
device_id = 0
---------------------------------------------------------------
Device [ 0 ] NVIDIA A100 80GB PCIe @ 1410.00 MHz
MAT: -------------- /scratch/general/vast/u1446071/spgemm_matrices/m_t1.mtx --------------
input matrix A: ( 97578, 97578 ) nnz = 9753570
 loadfile time    = 2.01851 sec
the tilesize = 16
SpGEMM nnzCub = 1054513134
CSR to Tile conversion uses 162.34 ms
tile space overhead = 90.99 MB
step1 ----Calculate the number and tile-column index of tiles of matrixC---
step1 ---------------------- Runtime is  1.16 ms-------------------------

step2 --------Calculate the number of nonzeros of each tile of matrixC-----
step2 ---------------------- Runtime is  2.25 ms-------------------------

step3 ---------Calculate the val&col of nonzeros of matrixC-------------
step3 ---------------------- Runtime is  28.41 ms------------------------

-----------------------Malloc uses 0.87 ms-------------------------------
Non-empty tiles of C = 702261
nnzC = 44261780
CUDA  TileSpGEMM runtime is 32.73 ms, gflops = 64.44

=== C=A^2: mycielskian13 ===
--------------------------------!!!!!!!!------------------------------------
device_id = 0
---------------------------------------------------------------
Device [ 0 ] NVIDIA A100 80GB PCIe @ 1410.00 MHz
MAT: -------------- /scratch/general/vast/u1446071/spgemm_matrices/mycielskian13.mtx --------------
input matrix A: ( 6143, 6143 ) nnz = 1227742
 loadfile time    = 0.10035 sec
the tilesize = 16
SpGEMM nnzCub = 620201162
CSR to Tile conversion uses 105.48 ms
tile space overhead = 12.19 MB
step1 ----Calculate the number and tile-column index of tiles of matrixC---
step1 ---------------------- Runtime is  1.34 ms-------------------------

step2 --------Calculate the number of nonzeros of each tile of matrixC-----
step2 ---------------------- Runtime is  3.70 ms-------------------------

step3 ---------Calculate the val&col of nonzeros of matrixC-------------
step3 ---------------------- Runtime is  53.57 ms------------------------

-----------------------Malloc uses 0.56 ms-------------------------------
Non-empty tiles of C = 147456
nnzC = 36508707
CUDA  TileSpGEMM runtime is 59.22 ms, gflops = 20.95

=== C=A^2: mycielskian14 ===
--------------------------------!!!!!!!!------------------------------------
device_id = 0
---------------------------------------------------------------
Device [ 0 ] NVIDIA A100 80GB PCIe @ 1410.00 MHz
MAT: -------------- /scratch/general/vast/u1446071/spgemm_matrices/mycielskian14.mtx --------------
input matrix A: ( 12287, 12287 ) nnz = 3695512
 loadfile time    = 0.30246 sec
the tilesize = 16
SpGEMM nnzCub = 3141203886
CSR to Tile conversion uses 237.93 ms
tile space overhead = 36.72 MB
step1 ----Calculate the number and tile-column index of tiles of matrixC---
step1 ---------------------- Runtime is  2.11 ms-------------------------

step2 --------Calculate the number of nonzeros of each tile of matrixC-----
step2 ---------------------- Runtime is  16.55 ms-------------------------

step3 ---------Calculate the val&col of nonzeros of matrixC-------------
step3 ---------------------- Runtime is  185.34 ms------------------------

-----------------------Malloc uses 0.95 ms-------------------------------
Non-empty tiles of C = 589824
nnzC = 141941687
CUDA  TileSpGEMM runtime is 205.00 ms, gflops = 30.65

=== C=A^2: mycielskian15 ===
--------------------------------!!!!!!!!------------------------------------
device_id = 0
---------------------------------------------------------------
Device [ 0 ] NVIDIA A100 80GB PCIe @ 1410.00 MHz
MAT: -------------- /scratch/general/vast/u1446071/spgemm_matrices/mycielskian15.mtx --------------
input matrix A: ( 24575, 24575 ) nnz = 11111110
 loadfile time    = 0.93765 sec
the tilesize = 16
SpGEMM nnzCub = 15864393110
CSR to Tile conversion uses 889.05 ms
tile space overhead = 110.45 MB
step1 ----Calculate the number and tile-column index of tiles of matrixC---
step1 ---------------------- Runtime is  4.66 ms-------------------------

step2 --------Calculate the number of nonzeros of each tile of matrixC-----
step2 ---------------------- Runtime is  80.78 ms-------------------------

step3 ---------Calculate the val&col of nonzeros of matrixC-------------
step3 ---------------------- Runtime is  809.09 ms------------------------

-----------------------Malloc uses 1.13 ms-------------------------------
Non-empty tiles of C = 2359296
nnzC = 577806536
CUDA  TileSpGEMM runtime is 895.71 ms, gflops = 35.42

=== C=A^2: mycielskian16 ===
--------------------------------!!!!!!!!------------------------------------
device_id = 0
---------------------------------------------------------------
Device [ 0 ] NVIDIA A100 80GB PCIe @ 1410.00 MHz
MAT: -------------- /scratch/general/vast/u1446071/spgemm_matrices/mycielskian16.mtx --------------
input matrix A: ( 49151, 49151 ) nnz = 33382480
 loadfile time    = 2.80951 sec
the tilesize = 16
SpGEMM nnzCub = 79948142970
CSR to Tile conversion uses 3058.50 ms
tile space overhead = 331.93 MB
step1 ----Calculate the number and tile-column index of tiles of matrixC---
step1 ---------------------- Runtime is  15.33 ms-------------------------

step2 --------Calculate the number of nonzeros of each tile of matrixC-----
step2 ---------------------- Runtime is  439.45 ms-------------------------

step3 ---------Calculate the val&col of nonzeros of matrixC-------------
step3 ---------------------- Runtime is  411.54 ms------------------------

-----------------------Malloc uses 0.78 ms-------------------------------
Non-empty tiles of C = 9437184
nnzC = -1954110566
CUDA  TileSpGEMM runtime is 867.16 ms, gflops = 184.39

=== C=A^2: mycielskian17 ===
--------------------------------!!!!!!!!------------------------------------
device_id = 0
---------------------------------------------------------------
Device [ 0 ] NVIDIA A100 80GB PCIe @ 1410.00 MHz
MAT: -------------- /scratch/general/vast/u1446071/spgemm_matrices/mycielskian17.mtx --------------
input matrix A: ( 98303, 98303 ) nnz = 100245742
 loadfile time    = 8.49980 sec
the tilesize = 16
SpGEMM nnzCub = 402223349762
CSR to Tile conversion uses 15762.78 ms
tile space overhead = 996.96 MB
step1 ----Calculate the number and tile-column index of tiles of matrixC---
step1 ---------------------- Runtime is  52.60 ms-------------------------

step2 --------Calculate the number of nonzeros of each tile of matrixC-----
step2 ---------------------- Runtime is  2641.33 ms-------------------------

step3 ---------Calculate the val&col of nonzeros of matrixC-------------
step3 ---------------------- Runtime is  659.36 ms------------------------

-----------------------Malloc uses 1.46 ms-------------------------------
Non-empty tiles of C = 37748736
nnzC = 854128966
CUDA  TileSpGEMM runtime is 3354.81 ms, gflops = 239.79

=== C=A^2: mycielskian18 ===
--------------------------------!!!!!!!!------------------------------------
device_id = 0
---------------------------------------------------------------
Device [ 0 ] NVIDIA A100 80GB PCIe @ 1410.00 MHz
MAT: -------------- /scratch/general/vast/u1446071/spgemm_matrices/mycielskian18.mtx --------------
input matrix A: ( 196607, 196607 ) nnz = 300933832
 loadfile time    = 27.95376 sec
the tilesize = 16
SpGEMM nnzCub = 2020980818406
CSR to Tile conversion uses 71978.44 ms
tile space overhead = 2993.21 MB
step1 ----Calculate the number and tile-column index of tiles of matrixC---
step1 ---------------------- Runtime is  203.20 ms-------------------------

step2 --------Calculate the number of nonzeros of each tile of matrixC-----
step2 ---------------------- Runtime is  16398.78 ms-------------------------

step3 ---------Calculate the val&col of nonzeros of matrixC-------------
step3 ---------------------- Runtime is  340.97 ms------------------------

-----------------------Malloc uses 1.60 ms-------------------------------
Non-empty tiles of C = 150994944
nnzC = -642744108
CUDA  TileSpGEMM runtime is 16944.63 ms, gflops = 238.54

=== C=A^2: mycielskian19 ===
--------------------------------!!!!!!!!------------------------------------
device_id = 0
---------------------------------------------------------------
Device [ 0 ] NVIDIA A100 80GB PCIe @ 1410.00 MHz
MAT: -------------- /scratch/general/vast/u1446071/spgemm_matrices/mycielskian19.mtx --------------
input matrix A: ( 393215, 393215 ) nnz = 903194710
 loadfile time    = 88.65151 sec
the tilesize = 16
SpGEMM nnzCub = 10144160468750
[ERROR] mycielskian19 A^2 failed (exit=124)

=== C=A^2: nd12k ===
--------------------------------!!!!!!!!------------------------------------
device_id = 0
---------------------------------------------------------------
Device [ 0 ] NVIDIA A100 80GB PCIe @ 1410.00 MHz
MAT: -------------- /scratch/general/vast/u1446071/spgemm_matrices/nd12k.mtx --------------
input matrix A: ( 36000, 36000 ) nnz = 14220946
 loadfile time    = 3.28975 sec
the tilesize = 16
SpGEMM nnzCub = 5866811560
CSR to Tile conversion uses 274.24 ms
tile space overhead = 129.25 MB
step1 ----Calculate the number and tile-column index of tiles of matrixC---
step1 ---------------------- Runtime is  1.29 ms-------------------------

step2 --------Calculate the number of nonzeros of each tile of matrixC-----
step2 ---------------------- Runtime is  7.00 ms-------------------------

step3 ---------Calculate the val&col of nonzeros of matrixC-------------
step3 ---------------------- Runtime is  158.57 ms------------------------

-----------------------Malloc uses 0.90 ms-------------------------------
Non-empty tiles of C = 1011454
nnzC = 99970458
CUDA  TileSpGEMM runtime is 167.82 ms, gflops = 69.92

=== C=A^2: nd24k ===
--------------------------------!!!!!!!!------------------------------------
device_id = 0
---------------------------------------------------------------
Device [ 0 ] NVIDIA A100 80GB PCIe @ 1410.00 MHz
MAT: -------------- /scratch/general/vast/u1446071/spgemm_matrices/nd24k.mtx --------------
input matrix A: ( 72000, 72000 ) nnz = 28715634
 loadfile time    = 5.66701 sec
the tilesize = 16
SpGEMM nnzCub = 11878868250
CSR to Tile conversion uses 279.47 ms
tile space overhead = 261.20 MB
step1 ----Calculate the number and tile-column index of tiles of matrixC---
step1 ---------------------- Runtime is  1.68 ms-------------------------

step2 --------Calculate the number of nonzeros of each tile of matrixC-----
step2 ---------------------- Runtime is  14.44 ms-------------------------

step3 ---------Calculate the val&col of nonzeros of matrixC-------------
step3 ---------------------- Runtime is  298.54 ms------------------------

-----------------------Malloc uses 1.02 ms-------------------------------
Non-empty tiles of C = 2291370
nnzC = 208087965
CUDA  TileSpGEMM runtime is 315.74 ms, gflops = 75.24

=== C=A^2: nd3k ===
--------------------------------!!!!!!!!------------------------------------
device_id = 0
---------------------------------------------------------------
Device [ 0 ] NVIDIA A100 80GB PCIe @ 1410.00 MHz
MAT: -------------- /scratch/general/vast/u1446071/spgemm_matrices/nd3k.mtx --------------
input matrix A: ( 9000, 9000 ) nnz = 3279690
 loadfile time    = 0.74138 sec
the tilesize = 16
SpGEMM nnzCub = 1275971514
CSR to Tile conversion uses 91.77 ms
tile space overhead = 29.72 MB
step1 ----Calculate the number and tile-column index of tiles of matrixC---
step1 ---------------------- Runtime is  1.05 ms-------------------------

step2 --------Calculate the number of nonzeros of each tile of matrixC-----
step2 ---------------------- Runtime is  1.91 ms-------------------------

step3 ---------Calculate the val&col of nonzeros of matrixC-------------
step3 ---------------------- Runtime is  45.04 ms------------------------

-----------------------Malloc uses 0.60 ms-------------------------------
Non-empty tiles of C = 157599
nnzC = 19858568
CUDA  TileSpGEMM runtime is 48.65 ms, gflops = 52.46

=== C=A^2: nd6k ===
--------------------------------!!!!!!!!------------------------------------
device_id = 0
---------------------------------------------------------------
Device [ 0 ] NVIDIA A100 80GB PCIe @ 1410.00 MHz
MAT: -------------- /scratch/general/vast/u1446071/spgemm_matrices/nd6k.mtx --------------
input matrix A: ( 18000, 18000 ) nnz = 6897316
 loadfile time    = 1.52605 sec
the tilesize = 16
SpGEMM nnzCub = 2786075040
CSR to Tile conversion uses 63.28 ms
tile space overhead = 62.61 MB
step1 ----Calculate the number and tile-column index of tiles of matrixC---
step1 ---------------------- Runtime is  1.18 ms-------------------------

step2 --------Calculate the number of nonzeros of each tile of matrixC-----
step2 ---------------------- Runtime is  3.59 ms-------------------------

step3 ---------Calculate the val&col of nonzeros of matrixC-------------
step3 ---------------------- Runtime is  78.69 ms------------------------

-----------------------Malloc uses 0.88 ms-------------------------------
Non-empty tiles of C = 407359
nnzC = 45938401
CUDA  TileSpGEMM runtime is 84.38 ms, gflops = 66.04

=== C=A^2: nemeth23 ===
--------------------------------!!!!!!!!------------------------------------
device_id = 0
---------------------------------------------------------------
Device [ 0 ] NVIDIA A100 80GB PCIe @ 1410.00 MHz
MAT: -------------- /scratch/general/vast/u1446071/spgemm_matrices/nemeth23.mtx --------------
input matrix A: ( 9506, 9506 ) nnz = 1506810
 loadfile time    = 0.34895 sec
the tilesize = 16
SpGEMM nnzCub = 244444956
CSR to Tile conversion uses 95.57 ms
tile space overhead = 13.41 MB
step1 ----Calculate the number and tile-column index of tiles of matrixC---
step1 ---------------------- Runtime is  1.21 ms-------------------------

step2 --------Calculate the number of nonzeros of each tile of matrixC-----
step2 ---------------------- Runtime is  0.36 ms-------------------------

step3 ---------Calculate the val&col of nonzeros of matrixC-------------
step3 ---------------------- Runtime is  16.70 ms------------------------

-----------------------Malloc uses 0.46 ms-------------------------------
Non-empty tiles of C = 17045
nnzC = 3209734
CUDA  TileSpGEMM runtime is 18.77 ms, gflops = 26.05

=== C=A^2: nemeth24 ===
--------------------------------!!!!!!!!------------------------------------
device_id = 0
---------------------------------------------------------------
Device [ 0 ] NVIDIA A100 80GB PCIe @ 1410.00 MHz
MAT: -------------- /scratch/general/vast/u1446071/spgemm_matrices/nemeth24.mtx --------------
input matrix A: ( 9506, 9506 ) nnz = 1506550
 loadfile time    = 0.34802 sec
the tilesize = 16
SpGEMM nnzCub = 244884334
CSR to Tile conversion uses 120.82 ms
tile space overhead = 13.41 MB
step1 ----Calculate the number and tile-column index of tiles of matrixC---
step1 ---------------------- Runtime is  0.94 ms-------------------------

step2 --------Calculate the number of nonzeros of each tile of matrixC-----
step2 ---------------------- Runtime is  0.36 ms-------------------------

step3 ---------Calculate the val&col of nonzeros of matrixC-------------
step3 ---------------------- Runtime is  14.59 ms------------------------

-----------------------Malloc uses 0.34 ms-------------------------------
Non-empty tiles of C = 17045
nnzC = 3248041
CUDA  TileSpGEMM runtime is 16.27 ms, gflops = 30.10

=== C=A^2: nemeth25 ===
--------------------------------!!!!!!!!------------------------------------
device_id = 0
---------------------------------------------------------------
Device [ 0 ] NVIDIA A100 80GB PCIe @ 1410.00 MHz
MAT: -------------- /scratch/general/vast/u1446071/spgemm_matrices/nemeth25.mtx --------------
input matrix A: ( 9506, 9506 ) nnz = 1511758
 loadfile time    = 0.34638 sec
the tilesize = 16
SpGEMM nnzCub = 246446874
CSR to Tile conversion uses 45.54 ms
tile space overhead = 13.45 MB
step1 ----Calculate the number and tile-column index of tiles of matrixC---
step1 ---------------------- Runtime is  0.92 ms-------------------------

step2 --------Calculate the number of nonzeros of each tile of matrixC-----
step2 ---------------------- Runtime is  0.35 ms-------------------------

step3 ---------Calculate the val&col of nonzeros of matrixC-------------
step3 ---------------------- Runtime is  16.61 ms------------------------

-----------------------Malloc uses 0.33 ms-------------------------------
Non-empty tiles of C = 17045
nnzC = 3247958
CUDA  TileSpGEMM runtime is 18.25 ms, gflops = 27.01

=== C=A^2: nemeth26 ===
--------------------------------!!!!!!!!------------------------------------
device_id = 0
---------------------------------------------------------------
Device [ 0 ] NVIDIA A100 80GB PCIe @ 1410.00 MHz
MAT: -------------- /scratch/general/vast/u1446071/spgemm_matrices/nemeth26.mtx --------------
input matrix A: ( 9506, 9506 ) nnz = 1511760
 loadfile time    = 0.34484 sec
the tilesize = 16
SpGEMM nnzCub = 246447354
CSR to Tile conversion uses 78.57 ms
tile space overhead = 13.45 MB
step1 ----Calculate the number and tile-column index of tiles of matrixC---
step1 ---------------------- Runtime is  0.96 ms-------------------------

step2 --------Calculate the number of nonzeros of each tile of matrixC-----
step2 ---------------------- Runtime is  0.36 ms-------------------------

step3 ---------Calculate the val&col of nonzeros of matrixC-------------
step3 ---------------------- Runtime is  14.18 ms------------------------

-----------------------Malloc uses 0.36 ms-------------------------------
Non-empty tiles of C = 17045
nnzC = 3247964
CUDA  TileSpGEMM runtime is 15.90 ms, gflops = 31.00

=== C=A^2: net150 ===
--------------------------------!!!!!!!!------------------------------------
device_id = 0
---------------------------------------------------------------
Device [ 0 ] NVIDIA A100 80GB PCIe @ 1410.00 MHz
MAT: -------------- /scratch/general/vast/u1446071/spgemm_matrices/net150.mtx --------------
input matrix A: ( 43520, 43520 ) nnz = 3121200
 loadfile time    = 0.27919 sec
the tilesize = 16
SpGEMM nnzCub = 467208280
CSR to Tile conversion uses 114.06 ms
tile space overhead = 38.07 MB
step1 ----Calculate the number and tile-column index of tiles of matrixC---
step1 ---------------------- Runtime is  1.58 ms-------------------------

step2 --------Calculate the number of nonzeros of each tile of matrixC-----
step2 ---------------------- Runtime is  13.65 ms-------------------------

step3 ---------Calculate the val&col of nonzeros of matrixC-------------
step3 ---------------------- Runtime is  37.29 ms------------------------

-----------------------Malloc uses 1.04 ms-------------------------------
Non-empty tiles of C = 2622348
nnzC = 189765534
CUDA  TileSpGEMM runtime is 53.61 ms, gflops = 17.43

=== C=A^2: nlpkkt120 ===
--------------------------------!!!!!!!!------------------------------------
device_id = 0
---------------------------------------------------------------
Device [ 0 ] NVIDIA A100 80GB PCIe @ 1410.00 MHz
MAT: -------------- /scratch/general/vast/u1446071/spgemm_matrices/nlpkkt120.mtx --------------
input matrix A: ( 3542400, 3542400 ) nnz = 96845792
 loadfile time    = 14.72163 sec
the tilesize = 16
SpGEMM nnzCub = 2681554304
CSR to Tile conversion uses 425.40 ms
tile space overhead = 1053.31 MB
step1 ----Calculate the number and tile-column index of tiles of matrixC---
step1 ---------------------- Runtime is  6.50 ms-------------------------

step2 --------Calculate the number of nonzeros of each tile of matrixC-----
step2 ---------------------- Runtime is  47.11 ms-------------------------

step3 ---------Calculate the val&col of nonzeros of matrixC-------------
step3 ---------------------- Runtime is  96.58 ms------------------------

-----------------------Malloc uses 1.35 ms-------------------------------
Non-empty tiles of C = 21910316
nnzC = 521113019
CUDA  TileSpGEMM runtime is 151.61 ms, gflops = 35.37

=== C=A^2: nlpkkt160 ===
--------------------------------!!!!!!!!------------------------------------
device_id = 0
---------------------------------------------------------------
Device [ 0 ] NVIDIA A100 80GB PCIe @ 1410.00 MHz
MAT: -------------- /scratch/general/vast/u1446071/spgemm_matrices/nlpkkt160.mtx --------------
input matrix A: ( 8345600, 8345600 ) nnz = 229518112
 loadfile time    = 34.82527 sec
the tilesize = 16
SpGEMM nnzCub = 6372858304
CSR to Tile conversion uses 1120.69 ms
tile space overhead = 2493.63 MB
step1 ----Calculate the number and tile-column index of tiles of matrixC---
step1 ---------------------- Runtime is  12.36 ms-------------------------

step2 --------Calculate the number of nonzeros of each tile of matrixC-----
step2 ---------------------- Runtime is  151.98 ms-------------------------

step3 ---------Calculate the val&col of nonzeros of matrixC-------------
step3 ---------------------- Runtime is  227.03 ms------------------------

-----------------------Malloc uses 1.73 ms-------------------------------
Non-empty tiles of C = 47825060
nnzC = 1220522512
CUDA  TileSpGEMM runtime is 393.14 ms, gflops = 32.42

=== C=A^2: nlpkkt200 ===
--------------------------------!!!!!!!!------------------------------------
device_id = 0
---------------------------------------------------------------
Device [ 0 ] NVIDIA A100 80GB PCIe @ 1410.00 MHz
MAT: -------------- /scratch/general/vast/u1446071/spgemm_matrices/nlpkkt200.mtx --------------
input matrix A: ( 16240000, 16240000 ) nnz = 448225632
 loadfile time    = 67.83627 sec
the tilesize = 16
SpGEMM nnzCub = 12466408704
CSR to Tile conversion uses 1787.19 ms
tile space overhead = 4871.61 MB
step1 ----Calculate the number and tile-column index of tiles of matrixC---
step1 ---------------------- Runtime is  23.63 ms-------------------------

step2 --------Calculate the number of nonzeros of each tile of matrixC-----
step2 ---------------------- Runtime is  319.24 ms-------------------------

step3 ---------Calculate the val&col of nonzeros of matrixC-------------
step3 ---------------------- Runtime is  348.73 ms------------------------

-----------------------Malloc uses 1.47 ms-------------------------------
Non-empty tiles of C = 101086136
nnzC = -1873877074
CUDA  TileSpGEMM runtime is 693.13 ms, gflops = 35.97

=== C=A^2: nlpkkt240 ===
--------------------------------!!!!!!!!------------------------------------
device_id = 0
---------------------------------------------------------------
Device [ 0 ] NVIDIA A100 80GB PCIe @ 1410.00 MHz
MAT: -------------- /scratch/general/vast/u1446071/spgemm_matrices/nlpkkt240.mtx --------------
input matrix A: ( 27993600, 27993600 ) nnz = 774472352
 loadfile time    = 118.93994 sec
the tilesize = 16
SpGEMM nnzCub = 21564317504
CSR to Tile conversion uses 2709.99 ms
tile space overhead = 8412.57 MB
[ERROR] nlpkkt240 A^2 failed (exit=137)

=== C=A^2: nlpkkt80 ===
--------------------------------!!!!!!!!------------------------------------
device_id = 0
---------------------------------------------------------------
Device [ 0 ] NVIDIA A100 80GB PCIe @ 1410.00 MHz
MAT: -------------- /scratch/general/vast/u1446071/spgemm_matrices/nlpkkt80.mtx --------------
input matrix A: ( 1062400, 1062400 ) nnz = 28704672
 loadfile time    = 4.16146 sec
the tilesize = 16
SpGEMM nnzCub = 790384704
CSR to Tile conversion uses 234.97 ms
tile space overhead = 312.00 MB
step1 ----Calculate the number and tile-column index of tiles of matrixC---
step1 ---------------------- Runtime is  15.79 ms-------------------------

step2 --------Calculate the number of nonzeros of each tile of matrixC-----
step2 ---------------------- Runtime is  16.16 ms-------------------------

step3 ---------Calculate the val&col of nonzeros of matrixC-------------
step3 ---------------------- Runtime is  27.90 ms------------------------

-----------------------Malloc uses 1.15 ms-------------------------------
Non-empty tiles of C = 5987080
nnzC = 149800270
CUDA  TileSpGEMM runtime is 61.06 ms, gflops = 25.89

=== C=A^2: nv2 ===
--------------------------------!!!!!!!!------------------------------------
device_id = 0
---------------------------------------------------------------
Device [ 0 ] NVIDIA A100 80GB PCIe @ 1410.00 MHz
MAT: -------------- /scratch/general/vast/u1446071/spgemm_matrices/nv2.mtx --------------
input matrix A: ( 1453908, 1453908 ) nnz = 52728362
 loadfile time    = 18.42316 sec
the tilesize = 16
SpGEMM nnzCub = 2034624478
CSR to Tile conversion uses 4571.43 ms
tile space overhead = 2896.28 MB
CUDA error 700 [/uufs/chpc.utah.edu/sys/spack/linux-rocky8-nehalem/gcc-8.5.0/cuda-11.8.0-3wlxktsbgw2ui4wvdnsy7w7xyxlkkwju/include/cub/block/../iterator/../util_device.cuh, 375]: an illegal memory access was encountered
CUDA error 700 [/uufs/chpc.utah.edu/sys/spack/linux-rocky8-nehalem/gcc-8.5.0/cuda-11.8.0-3wlxktsbgw2ui4wvdnsy7w7xyxlkkwju/include/cub/block/../iterator/../util_device.cuh, 469]: an illegal memory access was encountered
CUDA error 700 [/uufs/chpc.utah.edu/sys/spack/linux-rocky8-nehalem/gcc-8.5.0/cuda-11.8.0-3wlxktsbgw2ui4wvdnsy7w7xyxlkkwju/include/cub/device/dispatch/dispatch_scan.cuh, 421]: an illegal memory access was encountered
terminate called after throwing an instance of 'thrust::system::system_error'
  what():  after determining tmp storage requirements for exclusive_scan: cudaErrorIllegalAddress: an illegal memory access was encountered
timeout: the monitored command dumped core
[ERROR] nv2 A^2 failed (exit=134)

=== C=A^2: ohne2 ===
--------------------------------!!!!!!!!------------------------------------
device_id = 0
---------------------------------------------------------------
Device [ 0 ] NVIDIA A100 80GB PCIe @ 1410.00 MHz
MAT: -------------- /scratch/general/vast/u1446071/spgemm_matrices/ohne2.mtx --------------
input matrix A: ( 181343, 181343 ) nnz = 11063545
 loadfile time    = 3.83612 sec
the tilesize = 16
SpGEMM nnzCub = 755597643
CSR to Tile conversion uses 245.42 ms
tile space overhead = 137.34 MB
step1 ----Calculate the number and tile-column index of tiles of matrixC---
step1 ---------------------- Runtime is  5.21 ms-------------------------

step2 --------Calculate the number of nonzeros of each tile of matrixC-----
step2 ---------------------- Runtime is  39.10 ms-------------------------

step3 ---------Calculate the val&col of nonzeros of matrixC-------------
step3 ---------------------- Runtime is  70.97 ms------------------------

-----------------------Malloc uses 1.18 ms-------------------------------
Non-empty tiles of C = 10723786
nnzC = 91259206
CUDA  TileSpGEMM runtime is 116.53 ms, gflops = 12.97

=== C=A^2: opt1 ===
--------------------------------!!!!!!!!------------------------------------
device_id = 0
---------------------------------------------------------------
Device [ 0 ] NVIDIA A100 80GB PCIe @ 1410.00 MHz
MAT: -------------- /scratch/general/vast/u1446071/spgemm_matrices/opt1.mtx --------------
input matrix A: ( 15449, 15449 ) nnz = 1930655
 loadfile time    = 0.15698 sec
the tilesize = 16
SpGEMM nnzCub = 269171047
CSR to Tile conversion uses 77.84 ms
tile space overhead = 17.80 MB
step1 ----Calculate the number and tile-column index of tiles of matrixC---
step1 ---------------------- Runtime is  1.04 ms-------------------------

step2 --------Calculate the number of nonzeros of each tile of matrixC-----
step2 ---------------------- Runtime is  0.79 ms-------------------------

step3 ---------Calculate the val&col of nonzeros of matrixC-------------
step3 ---------------------- Runtime is  12.38 ms------------------------

-----------------------Malloc uses 0.42 ms-------------------------------
Non-empty tiles of C = 97714
nnzC = 8917550
CUDA  TileSpGEMM runtime is 14.68 ms, gflops = 36.67

=== C=A^2: packing-500x100x100-b050 ===
--------------------------------!!!!!!!!------------------------------------
device_id = 0
---------------------------------------------------------------
Device [ 0 ] NVIDIA A100 80GB PCIe @ 1410.00 MHz
MAT: -------------- /scratch/general/vast/u1446071/spgemm_matrices/packing-500x100x100-b050.mtx --------------
input matrix A: ( 2145852, 2145852 ) nnz = 34976486
 loadfile time    = 3.24234 sec
the tilesize = 16
SpGEMM nnzCub = 587282846
CSR to Tile conversion uses 261.44 ms
tile space overhead = 422.64 MB
step1 ----Calculate the number and tile-column index of tiles of matrixC---
step1 ---------------------- Runtime is  3.70 ms-------------------------

step2 --------Calculate the number of nonzeros of each tile of matrixC-----
step2 ---------------------- Runtime is  20.63 ms-------------------------

step3 ---------Calculate the val&col of nonzeros of matrixC-------------
step3 ---------------------- Runtime is  38.86 ms------------------------

-----------------------Malloc uses 1.31 ms-------------------------------
Non-empty tiles of C = 9323562
nnzC = 165897992
CUDA  TileSpGEMM runtime is 64.55 ms, gflops = 18.20

=== C=A^2: pattern1 ===
--------------------------------!!!!!!!!------------------------------------
device_id = 0
---------------------------------------------------------------
Device [ 0 ] NVIDIA A100 80GB PCIe @ 1410.00 MHz
MAT: -------------- /scratch/general/vast/u1446071/spgemm_matrices/pattern1.mtx --------------
input matrix A: ( 19242, 19242 ) nnz = 9323432
 loadfile time    = 0.82663 sec
the tilesize = 16
SpGEMM nnzCub = 7292315690
CSR to Tile conversion uses 705.77 ms
tile space overhead = 111.47 MB
step1 ----Calculate the number and tile-column index of tiles of matrixC---
step1 ---------------------- Runtime is  6.08 ms-------------------------

step2 --------Calculate the number of nonzeros of each tile of matrixC-----
step2 ---------------------- Runtime is  50.11 ms-------------------------

step3 ---------Calculate the val&col of nonzeros of matrixC-------------
step3 ---------------------- Runtime is  370.21 ms------------------------

-----------------------Malloc uses 1.02 ms-------------------------------
Non-empty tiles of C = 1447209
nnzC = 203789090
CUDA  TileSpGEMM runtime is 427.47 ms, gflops = 34.12

=== C=A^2: pdb1HYS ===
--------------------------------!!!!!!!!------------------------------------
device_id = 0
---------------------------------------------------------------
Device [ 0 ] NVIDIA A100 80GB PCIe @ 1410.00 MHz
MAT: -------------- /scratch/general/vast/u1446071/spgemm_matrices/pdb1HYS.mtx --------------
input matrix A: ( 36417, 36417 ) nnz = 4344765
 loadfile time    = 0.85981 sec
the tilesize = 16
SpGEMM nnzCub = 555322659
CSR to Tile conversion uses 95.15 ms
tile space overhead = 40.01 MB
step1 ----Calculate the number and tile-column index of tiles of matrixC---
step1 ---------------------- Runtime is  1.05 ms-------------------------

step2 --------Calculate the number of nonzeros of each tile of matrixC-----
step2 ---------------------- Runtime is  1.03 ms-------------------------

step3 ---------Calculate the val&col of nonzeros of matrixC-------------
step3 ---------------------- Runtime is  21.78 ms------------------------

-----------------------Malloc uses 0.63 ms-------------------------------
Non-empty tiles of C = 221571
nnzC = 20351434
CUDA  TileSpGEMM runtime is 24.54 ms, gflops = 45.26

=== C=A^2: PFlow_742 ===
--------------------------------!!!!!!!!------------------------------------
device_id = 0
---------------------------------------------------------------
Device [ 0 ] NVIDIA A100 80GB PCIe @ 1410.00 MHz
MAT: -------------- /scratch/general/vast/u1446071/spgemm_matrices/PFlow_742.mtx --------------
input matrix A: ( 742793, 742793 ) nnz = 37138461
 loadfile time    = 8.54801 sec
the tilesize = 16
SpGEMM nnzCub = 2153163125
CSR to Tile conversion uses 147.07 ms
tile space overhead = 366.71 MB
step1 ----Calculate the number and tile-column index of tiles of matrixC---
step1 ---------------------- Runtime is  2.30 ms-------------------------

step2 --------Calculate the number of nonzeros of each tile of matrixC-----
step2 ---------------------- Runtime is  6.70 ms-------------------------

step3 ---------Calculate the val&col of nonzeros of matrixC-------------
step3 ---------------------- Runtime is  53.19 ms------------------------

-----------------------Malloc uses 1.01 ms-------------------------------
Non-empty tiles of C = 2963023
nnzC = 224286799
CUDA  TileSpGEMM runtime is 63.25 ms, gflops = 68.09

=== C=A^2: pkustk04 ===
--------------------------------!!!!!!!!------------------------------------
device_id = 0
---------------------------------------------------------------
Device [ 0 ] NVIDIA A100 80GB PCIe @ 1410.00 MHz
MAT: -------------- /scratch/general/vast/u1446071/spgemm_matrices/pkustk04.mtx --------------
input matrix A: ( 55590, 55590 ) nnz = 4218660
 loadfile time    = 0.36560 sec
the tilesize = 16
SpGEMM nnzCub = 1003691088
CSR to Tile conversion uses 96.98 ms
tile space overhead = 42.12 MB
step1 ----Calculate the number and tile-column index of tiles of matrixC---
step1 ---------------------- Runtime is  1.68 ms-------------------------

step2 --------Calculate the number of nonzeros of each tile of matrixC-----
step2 ---------------------- Runtime is  6.45 ms-------------------------

step3 ---------Calculate the val&col of nonzeros of matrixC-------------
step3 ---------------------- Runtime is  44.68 ms------------------------

-----------------------Malloc uses 1.18 ms-------------------------------
Non-empty tiles of C = 2192159
nnzC = 123294230
CUDA  TileSpGEMM runtime is 54.05 ms, gflops = 37.14

=== C=A^2: pkustk07 ===
--------------------------------!!!!!!!!------------------------------------
device_id = 0
---------------------------------------------------------------
Device [ 0 ] NVIDIA A100 80GB PCIe @ 1410.00 MHz
MAT: -------------- /scratch/general/vast/u1446071/spgemm_matrices/pkustk07.mtx --------------
input matrix A: ( 16860, 16860 ) nnz = 2418804
 loadfile time    = 0.20499 sec
the tilesize = 16
SpGEMM nnzCub = 410021730
CSR to Tile conversion uses 153.47 ms
tile space overhead = 24.83 MB
step1 ----Calculate the number and tile-column index of tiles of matrixC---
step1 ---------------------- Runtime is  1.41 ms-------------------------

step2 --------Calculate the number of nonzeros of each tile of matrixC-----
step2 ---------------------- Runtime is  4.96 ms-------------------------

step3 ---------Calculate the val&col of nonzeros of matrixC-------------
step3 ---------------------- Runtime is  25.07 ms------------------------

-----------------------Malloc uses 1.04 ms-------------------------------
Non-empty tiles of C = 523184
nnzC = 19332731
CUDA  TileSpGEMM runtime is 32.53 ms, gflops = 25.21

=== C=A^2: pkustk08 ===
--------------------------------!!!!!!!!------------------------------------
device_id = 0
---------------------------------------------------------------
Device [ 0 ] NVIDIA A100 80GB PCIe @ 1410.00 MHz
MAT: -------------- /scratch/general/vast/u1446071/spgemm_matrices/pkustk08.mtx --------------
input matrix A: ( 22209, 22209 ) nnz = 3226671
 loadfile time    = 0.29392 sec
the tilesize = 16
SpGEMM nnzCub = 552893121
CSR to Tile conversion uses 80.92 ms
tile space overhead = 33.59 MB
step1 ----Calculate the number and tile-column index of tiles of matrixC---
step1 ---------------------- Runtime is  1.54 ms-------------------------

step2 --------Calculate the number of nonzeros of each tile of matrixC-----
step2 ---------------------- Runtime is  7.42 ms-------------------------

step3 ---------Calculate the val&col of nonzeros of matrixC-------------
step3 ---------------------- Runtime is  30.45 ms------------------------

-----------------------Malloc uses 0.99 ms-------------------------------
Non-empty tiles of C = 882109
nnzC = 26772627
CUDA  TileSpGEMM runtime is 40.48 ms, gflops = 27.32

=== C=A^2: pkustk10 ===
--------------------------------!!!!!!!!------------------------------------
device_id = 0
---------------------------------------------------------------
Device [ 0 ] NVIDIA A100 80GB PCIe @ 1410.00 MHz
MAT: -------------- /scratch/general/vast/u1446071/spgemm_matrices/pkustk10.mtx --------------
input matrix A: ( 80676, 80676 ) nnz = 4308984
 loadfile time    = 0.37137 sec
the tilesize = 16
SpGEMM nnzCub = 233628624
CSR to Tile conversion uses 101.85 ms
tile space overhead = 42.17 MB
step1 ----Calculate the number and tile-column index of tiles of matrixC---
step1 ---------------------- Runtime is  1.19 ms-------------------------

step2 --------Calculate the number of nonzeros of each tile of matrixC-----
step2 ---------------------- Runtime is  1.52 ms-------------------------

step3 ---------Calculate the val&col of nonzeros of matrixC-------------
step3 ---------------------- Runtime is  9.33 ms------------------------

-----------------------Malloc uses 0.90 ms-------------------------------
Non-empty tiles of C = 586565
nnzC = 14972549
CUDA  TileSpGEMM runtime is 12.99 ms, gflops = 35.98

=== C=A^2: pkustk11 ===
--------------------------------!!!!!!!!------------------------------------
device_id = 0
---------------------------------------------------------------
Device [ 0 ] NVIDIA A100 80GB PCIe @ 1410.00 MHz
MAT: -------------- /scratch/general/vast/u1446071/spgemm_matrices/pkustk11.mtx --------------
input matrix A: ( 87804, 87804 ) nnz = 5217912
 loadfile time    = 0.45549 sec
the tilesize = 16
SpGEMM nnzCub = 365102640
CSR to Tile conversion uses 107.90 ms
tile space overhead = 52.41 MB
step1 ----Calculate the number and tile-column index of tiles of matrixC---
step1 ---------------------- Runtime is  1.21 ms-------------------------

step2 --------Calculate the number of nonzeros of each tile of matrixC-----
step2 ---------------------- Runtime is  2.48 ms-------------------------

step3 ---------Calculate the val&col of nonzeros of matrixC-------------
step3 ---------------------- Runtime is  16.85 ms------------------------

-----------------------Malloc uses 0.87 ms-------------------------------
Non-empty tiles of C = 1083226
nnzC = 27004527
CUDA  TileSpGEMM runtime is 21.45 ms, gflops = 34.04

=== C=A^2: pkustk12 ===
--------------------------------!!!!!!!!------------------------------------
device_id = 0
---------------------------------------------------------------
Device [ 0 ] NVIDIA A100 80GB PCIe @ 1410.00 MHz
MAT: -------------- /scratch/general/vast/u1446071/spgemm_matrices/pkustk12.mtx --------------
input matrix A: ( 94653, 94653 ) nnz = 7512317
 loadfile time    = 0.61264 sec
the tilesize = 16
SpGEMM nnzCub = 2680479077
CSR to Tile conversion uses 209.12 ms
tile space overhead = 75.51 MB
step1 ----Calculate the number and tile-column index of tiles of matrixC---
step1 ---------------------- Runtime is  2.38 ms-------------------------

step2 --------Calculate the number of nonzeros of each tile of matrixC-----
step2 ---------------------- Runtime is  15.00 ms-------------------------

step3 ---------Calculate the val&col of nonzeros of matrixC-------------
step3 ---------------------- Runtime is  79.45 ms------------------------

-----------------------Malloc uses 1.11 ms-------------------------------
Non-empty tiles of C = 6161002
nnzC = 350452752
CUDA  TileSpGEMM runtime is 98.00 ms, gflops = 54.70

=== C=A^2: pkustk13 ===
--------------------------------!!!!!!!!------------------------------------
device_id = 0
---------------------------------------------------------------
Device [ 0 ] NVIDIA A100 80GB PCIe @ 1410.00 MHz
MAT: -------------- /scratch/general/vast/u1446071/spgemm_matrices/pkustk13.mtx --------------
input matrix A: ( 94893, 94893 ) nnz = 6616827
 loadfile time    = 0.56259 sec
the tilesize = 16
SpGEMM nnzCub = 562997403
CSR to Tile conversion uses 118.12 ms
tile space overhead = 71.41 MB
step1 ----Calculate the number and tile-column index of tiles of matrixC---
step1 ---------------------- Runtime is  1.46 ms-------------------------

step2 --------Calculate the number of nonzeros of each tile of matrixC-----
step2 ---------------------- Runtime is  8.17 ms-------------------------

step3 ---------Calculate the val&col of nonzeros of matrixC-------------
step3 ---------------------- Runtime is  27.13 ms------------------------

-----------------------Malloc uses 0.91 ms-------------------------------
Non-empty tiles of C = 2508089
nnzC = 46960173
CUDA  TileSpGEMM runtime is 37.72 ms, gflops = 29.85

=== C=A^2: pkustk14 ===
--------------------------------!!!!!!!!------------------------------------
device_id = 0
---------------------------------------------------------------
Device [ 0 ] NVIDIA A100 80GB PCIe @ 1410.00 MHz
MAT: -------------- /scratch/general/vast/u1446071/spgemm_matrices/pkustk14.mtx --------------
input matrix A: ( 151926, 151926 ) nnz = 14836504
 loadfile time    = 1.27255 sec
the tilesize = 16
SpGEMM nnzCub = 1777485814
CSR to Tile conversion uses 149.32 ms
tile space overhead = 150.99 MB
step1 ----Calculate the number and tile-column index of tiles of matrixC---
step1 ---------------------- Runtime is  1.61 ms-------------------------

step2 --------Calculate the number of nonzeros of each tile of matrixC-----
step2 ---------------------- Runtime is  12.20 ms-------------------------

step3 ---------Calculate the val&col of nonzeros of matrixC-------------
step3 ---------------------- Runtime is  63.11 ms------------------------

-----------------------Malloc uses 0.99 ms-------------------------------
Non-empty tiles of C = 3637588
nnzC = 100592128
CUDA  TileSpGEMM runtime is 77.97 ms, gflops = 45.60

=== C=A^2: PR02R ===
--------------------------------!!!!!!!!------------------------------------
device_id = 0
---------------------------------------------------------------
Device [ 0 ] NVIDIA A100 80GB PCIe @ 1410.00 MHz
MAT: -------------- /scratch/general/vast/u1446071/spgemm_matrices/PR02R.mtx --------------
input matrix A: ( 161070, 161070 ) nnz = 8185136
 loadfile time    = 3.71535 sec
the tilesize = 16
SpGEMM nnzCub = 471911391
CSR to Tile conversion uses 116.06 ms
tile space overhead = 78.16 MB
step1 ----Calculate the number and tile-column index of tiles of matrixC---
step1 ---------------------- Runtime is  1.13 ms-------------------------

step2 --------Calculate the number of nonzeros of each tile of matrixC-----
step2 ---------------------- Runtime is  1.28 ms-------------------------

step3 ---------Calculate the val&col of nonzeros of matrixC-------------
step3 ---------------------- Runtime is  18.47 ms------------------------

-----------------------Malloc uses 0.83 ms-------------------------------
Non-empty tiles of C = 461359
nnzC = 29572086
CUDA  TileSpGEMM runtime is 21.75 ms, gflops = 43.39

=== C=A^2: pwtk ===
--------------------------------!!!!!!!!------------------------------------
device_id = 0
---------------------------------------------------------------
Device [ 0 ] NVIDIA A100 80GB PCIe @ 1410.00 MHz
MAT: -------------- /scratch/general/vast/u1446071/spgemm_matrices/pwtk.mtx --------------
input matrix A: ( 217918, 217918 ) nnz = 11634424
 loadfile time    = 2.33005 sec
the tilesize = 16
SpGEMM nnzCub = 626054402
CSR to Tile conversion uses 108.31 ms
tile space overhead = 107.12 MB
step1 ----Calculate the number and tile-column index of tiles of matrixC---
step1 ---------------------- Runtime is  1.22 ms-------------------------

step2 --------Calculate the number of nonzeros of each tile of matrixC-----
step2 ---------------------- Runtime is  1.16 ms-------------------------

step3 ---------Calculate the val&col of nonzeros of matrixC-------------
step3 ---------------------- Runtime is  21.68 ms------------------------

-----------------------Malloc uses 0.85 ms-------------------------------
Non-empty tiles of C = 457734
nnzC = 28916704
CUDA  TileSpGEMM runtime is 24.95 ms, gflops = 50.18

=== C=A^2: Queen_4147 ===
--------------------------------!!!!!!!!------------------------------------
device_id = 0
---------------------------------------------------------------
Device [ 0 ] NVIDIA A100 80GB PCIe @ 1410.00 MHz
MAT: -------------- /scratch/general/vast/u1446071/spgemm_matrices/Queen_4147.mtx --------------
input matrix A: ( 4147110, 4147110 ) nnz = 329499284
 loadfile time    = 63.25872 sec
the tilesize = 16
SpGEMM nnzCub = 26346406576
CSR to Tile conversion uses 1216.81 ms
tile space overhead = 3174.99 MB
step1 ----Calculate the number and tile-column index of tiles of matrixC---
step1 ---------------------- Runtime is  9.06 ms-------------------------

step2 --------Calculate the number of nonzeros of each tile of matrixC-----
step2 ---------------------- Runtime is  82.02 ms-------------------------

step3 ---------Calculate the val&col of nonzeros of matrixC-------------
step3 ---------------------- Runtime is  579.32 ms------------------------

-----------------------Malloc uses 1.71 ms-------------------------------
Non-empty tiles of C = 35110265
nnzC = 1944566411
CUDA  TileSpGEMM runtime is 672.17 ms, gflops = 78.39

=== C=A^2: ramage02 ===
--------------------------------!!!!!!!!------------------------------------
device_id = 0
---------------------------------------------------------------
Device [ 0 ] NVIDIA A100 80GB PCIe @ 1410.00 MHz
MAT: -------------- /scratch/general/vast/u1446071/spgemm_matrices/ramage02.mtx --------------
input matrix A: ( 16830, 16830 ) nnz = 2866352
 loadfile time    = 0.25615 sec
the tilesize = 16
SpGEMM nnzCub = 535195176
CSR to Tile conversion uses 136.34 ms
tile space overhead = 26.73 MB
step1 ----Calculate the number and tile-column index of tiles of matrixC---
step1 ---------------------- Runtime is  1.04 ms-------------------------

step2 --------Calculate the number of nonzeros of each tile of matrixC-----
step2 ---------------------- Runtime is  1.22 ms-------------------------

step3 ---------Calculate the val&col of nonzeros of matrixC-------------
step3 ---------------------- Runtime is  23.44 ms------------------------

-----------------------Malloc uses 0.62 ms-------------------------------
Non-empty tiles of C = 205362
nnzC = 18672750
CUDA  TileSpGEMM runtime is 26.37 ms, gflops = 40.59

=== C=A^2: rgg_n_2_21_s0 ===
--------------------------------!!!!!!!!------------------------------------
device_id = 0
---------------------------------------------------------------
Device [ 0 ] NVIDIA A100 80GB PCIe @ 1410.00 MHz
MAT: -------------- /scratch/general/vast/u1446071/spgemm_matrices/rgg_n_2_21_s0.mtx --------------
input matrix A: ( 2097152, 2097152 ) nnz = 28975990
 loadfile time    = 2.70027 sec
the tilesize = 16
SpGEMM nnzCub = 429575072
CSR to Tile conversion uses 978.89 ms
tile space overhead = 1136.56 MB
step1 ----Calculate the number and tile-column index of tiles of matrixC---
step1 ---------------------- Runtime is  30.22 ms-------------------------

step2 --------Calculate the number of nonzeros of each tile of matrixC-----
step2 ---------------------- Runtime is  619.29 ms-------------------------

step3 ---------Calculate the val&col of nonzeros of matrixC-------------
step3 ---------------------- Runtime is  750.88 ms------------------------

-----------------------Malloc uses 1.52 ms-------------------------------
Non-empty tiles of C = 49638678
nnzC = 93585788
CUDA  TileSpGEMM runtime is 1401.98 ms, gflops = 0.61

=== C=A^2: rgg_n_2_22_s0 ===
--------------------------------!!!!!!!!------------------------------------
device_id = 0
---------------------------------------------------------------
Device [ 0 ] NVIDIA A100 80GB PCIe @ 1410.00 MHz
MAT: -------------- /scratch/general/vast/u1446071/spgemm_matrices/rgg_n_2_22_s0.mtx --------------
input matrix A: ( 4194304, 4194304 ) nnz = 60718396
 loadfile time    = 6.09998 sec
the tilesize = 16
SpGEMM nnzCub = 939942910
CSR to Tile conversion uses 1763.28 ms
tile space overhead = 2659.66 MB
step1 ----Calculate the number and tile-column index of tiles of matrixC---
step1 ---------------------- Runtime is  87.60 ms-------------------------

step2 --------Calculate the number of nonzeros of each tile of matrixC-----
step2 ---------------------- Runtime is  2017.69 ms-------------------------

step3 ---------Calculate the val&col of nonzeros of matrixC-------------
step3 ---------------------- Runtime is  2271.08 ms------------------------

-----------------------Malloc uses 1.99 ms-------------------------------
Non-empty tiles of C = 141186074
nnzC = 200552390
CUDA  TileSpGEMM runtime is 4378.42 ms, gflops = 0.43

=== C=A^2: rgg_n_2_23_s0 ===
--------------------------------!!!!!!!!------------------------------------
device_id = 0
---------------------------------------------------------------
Device [ 0 ] NVIDIA A100 80GB PCIe @ 1410.00 MHz
MAT: -------------- /scratch/general/vast/u1446071/spgemm_matrices/rgg_n_2_23_s0.mtx --------------
input matrix A: ( 8388608, 8388608 ) nnz = 127002786
 loadfile time    = 12.59716 sec
the tilesize = 16
SpGEMM nnzCub = 2050055514
CSR to Tile conversion uses 4274.11 ms
tile space overhead = 6072.00 MB
step1 ----Calculate the number and tile-column index of tiles of matrixC---
step1 ---------------------- Runtime is  251.90 ms-------------------------

step2 --------Calculate the number of nonzeros of each tile of matrixC-----
step2 ---------------------- Runtime is  6288.43 ms-------------------------

step3 ---------Calculate the val&col of nonzeros of matrixC-------------
step3 ---------------------- Runtime is  12361.50 ms------------------------

-----------------------Malloc uses 2.67 ms-------------------------------
Non-empty tiles of C = 402203226
nnzC = 437786001
CUDA  TileSpGEMM runtime is 18904.57 ms, gflops = 0.22

=== C=A^2: rgg_n_2_24_s0 ===
--------------------------------!!!!!!!!------------------------------------
device_id = 0
---------------------------------------------------------------
Device [ 0 ] NVIDIA A100 80GB PCIe @ 1410.00 MHz
MAT: -------------- /scratch/general/vast/u1446071/spgemm_matrices/rgg_n_2_24_s0.mtx --------------
input matrix A: ( 16777216, 16777216 ) nnz = 265114400
 loadfile time    = 27.42805 sec
the tilesize = 16
SpGEMM nnzCub = 4455117406
timeout: the monitored command dumped core
[ERROR] rgg_n_2_24_s0 A^2 failed (exit=139)

=== C=A^2: RM07R ===
--------------------------------!!!!!!!!------------------------------------
device_id = 0
---------------------------------------------------------------
Device [ 0 ] NVIDIA A100 80GB PCIe @ 1410.00 MHz
MAT: -------------- /scratch/general/vast/u1446071/spgemm_matrices/RM07R.mtx --------------
input matrix A: ( 381689, 381689 ) nnz = 37464962
 loadfile time    = 17.64851 sec
the tilesize = 16
SpGEMM nnzCub = 5272142064
CSR to Tile conversion uses 243.56 ms
tile space overhead = 377.20 MB
step1 ----Calculate the number and tile-column index of tiles of matrixC---
step1 ---------------------- Runtime is  4.01 ms-------------------------

step2 --------Calculate the number of nonzeros of each tile of matrixC-----
step2 ---------------------- Runtime is  24.18 ms-------------------------

step3 ---------Calculate the val&col of nonzeros of matrixC-------------
step3 ---------------------- Runtime is  132.82 ms------------------------

-----------------------Malloc uses 1.12 ms-------------------------------
Non-empty tiles of C = 7366283
nnzC = 246555354
CUDA  TileSpGEMM runtime is 162.19 ms, gflops = 65.01

=== C=A^2: rma10 ===
--------------------------------!!!!!!!!------------------------------------
device_id = 0
---------------------------------------------------------------
Device [ 0 ] NVIDIA A100 80GB PCIe @ 1410.00 MHz
MAT: -------------- /scratch/general/vast/u1446071/spgemm_matrices/rma10.mtx --------------
input matrix A: ( 46835, 46835 ) nnz = 2374001
 loadfile time    = 0.89034 sec
the tilesize = 16
SpGEMM nnzCub = 156480259
CSR to Tile conversion uses 81.34 ms
tile space overhead = 22.52 MB
step1 ----Calculate the number and tile-column index of tiles of matrixC---
step1 ---------------------- Runtime is  1.02 ms-------------------------

step2 --------Calculate the number of nonzeros of each tile of matrixC-----
step2 ---------------------- Runtime is  0.61 ms-------------------------

step3 ---------Calculate the val&col of nonzeros of matrixC-------------
step3 ---------------------- Runtime is  8.76 ms------------------------

-----------------------Malloc uses 0.48 ms-------------------------------
Non-empty tiles of C = 139474
nnzC = 7644137
CUDA  TileSpGEMM runtime is 10.91 ms, gflops = 28.68

=== C=A^2: s3dkq4m2 ===
--------------------------------!!!!!!!!------------------------------------
device_id = 0
---------------------------------------------------------------
Device [ 0 ] NVIDIA A100 80GB PCIe @ 1410.00 MHz
MAT: -------------- /scratch/general/vast/u1446071/spgemm_matrices/s3dkq4m2.mtx --------------
input matrix A: ( 90449, 90449 ) nnz = 4820891
 loadfile time    = 1.02405 sec
the tilesize = 16
SpGEMM nnzCub = 258143357
CSR to Tile conversion uses 100.71 ms
tile space overhead = 44.10 MB
step1 ----Calculate the number and tile-column index of tiles of matrixC---
step1 ---------------------- Runtime is  1.04 ms-------------------------

step2 --------Calculate the number of nonzeros of each tile of matrixC-----
step2 ---------------------- Runtime is  0.45 ms-------------------------

step3 ---------Calculate the val&col of nonzeros of matrixC-------------
step3 ---------------------- Runtime is  9.33 ms------------------------

-----------------------Malloc uses 0.50 ms-------------------------------
Non-empty tiles of C = 140310
nnzC = 7298131
CUDA  TileSpGEMM runtime is 11.37 ms, gflops = 45.41

=== C=A^2: scircuit ===
--------------------------------!!!!!!!!------------------------------------
device_id = 0
---------------------------------------------------------------
Device [ 0 ] NVIDIA A100 80GB PCIe @ 1410.00 MHz
MAT: -------------- /scratch/general/vast/u1446071/spgemm_matrices/scircuit.mtx --------------
input matrix A: ( 170998, 170998 ) nnz = 958936
 loadfile time    = 0.38720 sec
the tilesize = 16
SpGEMM nnzCub = 8676313
CSR to Tile conversion uses 48.84 ms
tile space overhead = 17.30 MB
step1 ----Calculate the number and tile-column index of tiles of matrixC---
step1 ---------------------- Runtime is  1.31 ms-------------------------

step2 --------Calculate the number of nonzeros of each tile of matrixC-----
step2 ---------------------- Runtime is  3.90 ms-------------------------

step3 ---------Calculate the val&col of nonzeros of matrixC-------------
step3 ---------------------- Runtime is  2.67 ms------------------------

-----------------------Malloc uses 0.85 ms-------------------------------
Non-empty tiles of C = 1724826
nnzC = 4138231
CUDA  TileSpGEMM runtime is 8.78 ms, gflops = 1.98

=== C=A^2: Serena ===
--------------------------------!!!!!!!!------------------------------------
device_id = 0
---------------------------------------------------------------
Device [ 0 ] NVIDIA A100 80GB PCIe @ 1410.00 MHz
MAT: -------------- /scratch/general/vast/u1446071/spgemm_matrices/Serena.mtx --------------
input matrix A: ( 1391349, 1391349 ) nnz = 64531701
 loadfile time    = 12.02888 sec
the tilesize = 16
SpGEMM nnzCub = 3111966351
CSR to Tile conversion uses 547.35 ms
tile space overhead = 687.82 MB
step1 ----Calculate the number and tile-column index of tiles of matrixC---
step1 ---------------------- Runtime is  5.63 ms-------------------------

step2 --------Calculate the number of nonzeros of each tile of matrixC-----
step2 ---------------------- Runtime is  45.30 ms-------------------------

step3 ---------Calculate the val&col of nonzeros of matrixC-------------
step3 ---------------------- Runtime is  111.00 ms------------------------

-----------------------Malloc uses 1.32 ms-------------------------------
Non-empty tiles of C = 20885034
nnzC = 392056988
CUDA  TileSpGEMM runtime is 163.32 ms, gflops = 38.11

=== C=A^2: ship_001 ===
--------------------------------!!!!!!!!------------------------------------
device_id = 0
---------------------------------------------------------------
Device [ 0 ] NVIDIA A100 80GB PCIe @ 1410.00 MHz
MAT: -------------- /scratch/general/vast/u1446071/spgemm_matrices/ship_001.mtx --------------
input matrix A: ( 34920, 34920 ) nnz = 4644230
 loadfile time    = 0.96468 sec
the tilesize = 16
SpGEMM nnzCub = 724065786
CSR to Tile conversion uses 113.61 ms
tile space overhead = 43.77 MB
step1 ----Calculate the number and tile-column index of tiles of matrixC---
step1 ---------------------- Runtime is  1.13 ms-------------------------

step2 --------Calculate the number of nonzeros of each tile of matrixC-----
step2 ---------------------- Runtime is  2.04 ms-------------------------

step3 ---------Calculate the val&col of nonzeros of matrixC-------------
step3 ---------------------- Runtime is  25.43 ms------------------------

-----------------------Malloc uses 0.86 ms-------------------------------
Non-empty tiles of C = 445419
nnzC = 29148627
CUDA  TileSpGEMM runtime is 29.49 ms, gflops = 49.11

=== C=A^2: shipsec1 ===
--------------------------------!!!!!!!!------------------------------------
device_id = 0
---------------------------------------------------------------
Device [ 0 ] NVIDIA A100 80GB PCIe @ 1410.00 MHz
MAT: -------------- /scratch/general/vast/u1446071/spgemm_matrices/shipsec1.mtx --------------
input matrix A: ( 140874, 140874 ) nnz = 7813404
 loadfile time    = 1.25137 sec
the tilesize = 16
SpGEMM nnzCub = 450639288
CSR to Tile conversion uses 119.86 ms
tile space overhead = 75.91 MB
step1 ----Calculate the number and tile-column index of tiles of matrixC---
step1 ---------------------- Runtime is  1.16 ms-------------------------

step2 --------Calculate the number of nonzeros of each tile of matrixC-----
step2 ---------------------- Runtime is  1.99 ms-------------------------

step3 ---------Calculate the val&col of nonzeros of matrixC-------------
step3 ---------------------- Runtime is  15.60 ms------------------------

-----------------------Malloc uses 0.86 ms-------------------------------
Non-empty tiles of C = 907109
nnzC = 29462262
CUDA  TileSpGEMM runtime is 19.65 ms, gflops = 45.86

=== C=A^2: Si34H36 ===
--------------------------------!!!!!!!!------------------------------------
device_id = 0
---------------------------------------------------------------
Device [ 0 ] NVIDIA A100 80GB PCIe @ 1410.00 MHz
MAT: -------------- /scratch/general/vast/u1446071/spgemm_matrices/Si34H36.mtx --------------
input matrix A: ( 97569, 97569 ) nnz = 5156379
 loadfile time    = 1.15205 sec
the tilesize = 16
SpGEMM nnzCub = 736154859
CSR to Tile conversion uses 98.69 ms
tile space overhead = 62.65 MB
step1 ----Calculate the number and tile-column index of tiles of matrixC---
step1 ---------------------- Runtime is  1.54 ms-------------------------

step2 --------Calculate the number of nonzeros of each tile of matrixC-----
step2 ---------------------- Runtime is  13.61 ms-------------------------

step3 ---------Calculate the val&col of nonzeros of matrixC-------------
step3 ---------------------- Runtime is  42.36 ms------------------------

-----------------------Malloc uses 1.00 ms-------------------------------
Non-empty tiles of C = 3139525
nnzC = 71787393
CUDA  TileSpGEMM runtime is 58.57 ms, gflops = 25.14

=== C=A^2: Si41Ge41H72 ===
--------------------------------!!!!!!!!------------------------------------
device_id = 0
---------------------------------------------------------------
Device [ 0 ] NVIDIA A100 80GB PCIe @ 1410.00 MHz
MAT: -------------- /scratch/general/vast/u1446071/spgemm_matrices/Si41Ge41H72.mtx --------------
input matrix A: ( 185639, 185639 ) nnz = 15011265
 loadfile time    = 3.43606 sec
the tilesize = 16
SpGEMM nnzCub = 4206695551
CSR to Tile conversion uses 231.00 ms
tile space overhead = 172.03 MB
step1 ----Calculate the number and tile-column index of tiles of matrixC---
step1 ---------------------- Runtime is  2.17 ms-------------------------

step2 --------Calculate the number of nonzeros of each tile of matrixC-----
step2 ---------------------- Runtime is  43.33 ms-------------------------

step3 ---------Calculate the val&col of nonzeros of matrixC-------------
step3 ---------------------- Runtime is  175.55 ms------------------------

-----------------------Malloc uses 1.09 ms-------------------------------
Non-empty tiles of C = 7624081
nnzC = 195639679
CUDA  TileSpGEMM runtime is 222.19 ms, gflops = 37.87

=== C=A^2: Si87H76 ===
--------------------------------!!!!!!!!------------------------------------
device_id = 0
---------------------------------------------------------------
Device [ 0 ] NVIDIA A100 80GB PCIe @ 1410.00 MHz
MAT: -------------- /scratch/general/vast/u1446071/spgemm_matrices/Si87H76.mtx --------------
input matrix A: ( 240369, 240369 ) nnz = 10661631
 loadfile time    = 2.36471 sec
the tilesize = 16
SpGEMM nnzCub = 851575071
CSR to Tile conversion uses 155.33 ms
tile space overhead = 133.80 MB
step1 ----Calculate the number and tile-column index of tiles of matrixC---
step1 ---------------------- Runtime is  1.89 ms-------------------------

step2 --------Calculate the number of nonzeros of each tile of matrixC-----
step2 ---------------------- Runtime is  24.89 ms-------------------------

step3 ---------Calculate the val&col of nonzeros of matrixC-------------
step3 ---------------------- Runtime is  59.80 ms------------------------

-----------------------Malloc uses 1.13 ms-------------------------------
Non-empty tiles of C = 8097954
nnzC = 152390342
CUDA  TileSpGEMM runtime is 87.77 ms, gflops = 19.40

=== C=A^2: SiO2 ===
--------------------------------!!!!!!!!------------------------------------
device_id = 0
---------------------------------------------------------------
Device [ 0 ] NVIDIA A100 80GB PCIe @ 1410.00 MHz
MAT: -------------- /scratch/general/vast/u1446071/spgemm_matrices/SiO2.mtx --------------
input matrix A: ( 155331, 155331 ) nnz = 11283503
 loadfile time    = 2.39600 sec
the tilesize = 16
SpGEMM nnzCub = 14261280271
CSR to Tile conversion uses 374.28 ms
tile space overhead = 126.50 MB
step1 ----Calculate the number and tile-column index of tiles of matrixC---
step1 ---------------------- Runtime is  2.68 ms-------------------------

step2 --------Calculate the number of nonzeros of each tile of matrixC-----
step2 ---------------------- Runtime is  31.03 ms-------------------------

step3 ---------Calculate the val&col of nonzeros of matrixC-------------
step3 ---------------------- Runtime is  400.62 ms------------------------

-----------------------Malloc uses 1.02 ms-------------------------------
Non-empty tiles of C = 5316543
nnzC = 113537696
CUDA  TileSpGEMM runtime is 435.40 ms, gflops = 65.51

=== C=A^2: sme3Dc ===
--------------------------------!!!!!!!!------------------------------------
device_id = 0
---------------------------------------------------------------
Device [ 0 ] NVIDIA A100 80GB PCIe @ 1410.00 MHz
MAT: -------------- /scratch/general/vast/u1446071/spgemm_matrices/sme3Dc.mtx --------------
input matrix A: ( 42930, 42930 ) nnz = 3148656
 loadfile time    = 1.39924 sec
the tilesize = 16
SpGEMM nnzCub = 289653169
CSR to Tile conversion uses 396.92 ms
tile space overhead = 109.37 MB
step1 ----Calculate the number and tile-column index of tiles of matrixC---
step1 ---------------------- Runtime is  12.56 ms-------------------------

step2 --------Calculate the number of nonzeros of each tile of matrixC-----
step2 ---------------------- Runtime is  376.51 ms-------------------------

step3 ---------Calculate the val&col of nonzeros of matrixC-------------
step3 ---------------------- Runtime is  911.86 ms------------------------

-----------------------Malloc uses 1.06 ms-------------------------------
Non-empty tiles of C = 7203750
nnzC = 22744224
CUDA  TileSpGEMM runtime is 1302.04 ms, gflops = 0.44

=== C=A^2: smt ===
--------------------------------!!!!!!!!------------------------------------
device_id = 0
---------------------------------------------------------------
Device [ 0 ] NVIDIA A100 80GB PCIe @ 1410.00 MHz
MAT: -------------- /scratch/general/vast/u1446071/spgemm_matrices/smt.mtx --------------
input matrix A: ( 25710, 25710 ) nnz = 3753184
 loadfile time    = 0.81863 sec
the tilesize = 16
SpGEMM nnzCub = 605945948
CSR to Tile conversion uses 161.29 ms
tile space overhead = 36.89 MB
step1 ----Calculate the number and tile-column index of tiles of matrixC---
step1 ---------------------- Runtime is  1.20 ms-------------------------

step2 --------Calculate the number of nonzeros of each tile of matrixC-----
step2 ---------------------- Runtime is  3.17 ms-------------------------

step3 ---------Calculate the val&col of nonzeros of matrixC-------------
step3 ---------------------- Runtime is  31.26 ms------------------------

-----------------------Malloc uses 0.83 ms-------------------------------
Non-empty tiles of C = 467739
nnzC = 24891993
CUDA  TileSpGEMM runtime is 36.51 ms, gflops = 33.20

=== C=A^2: soc-LiveJournal1 ===
--------------------------------!!!!!!!!------------------------------------
device_id = 0
---------------------------------------------------------------
Device [ 0 ] NVIDIA A100 80GB PCIe @ 1410.00 MHz
MAT: -------------- /scratch/general/vast/u1446071/spgemm_matrices/soc-LiveJournal1.mtx --------------
input matrix A: ( 4847571, 4847571 ) nnz = 68993773
 loadfile time    = 14.65356 sec
the tilesize = 16
SpGEMM nnzCub = 5915633945
CSR to Tile conversion uses 10755.05 ms
tile space overhead = 2758.76 MB
CUDA error 700 [/uufs/chpc.utah.edu/sys/spack/linux-rocky8-nehalem/gcc-8.5.0/cuda-11.8.0-3wlxktsbgw2ui4wvdnsy7w7xyxlkkwju/include/cub/block/../iterator/../util_device.cuh, 375]: an illegal memory access was encountered
CUDA error 700 [/uufs/chpc.utah.edu/sys/spack/linux-rocky8-nehalem/gcc-8.5.0/cuda-11.8.0-3wlxktsbgw2ui4wvdnsy7w7xyxlkkwju/include/cub/block/../iterator/../util_device.cuh, 469]: an illegal memory access was encountered
CUDA error 700 [/uufs/chpc.utah.edu/sys/spack/linux-rocky8-nehalem/gcc-8.5.0/cuda-11.8.0-3wlxktsbgw2ui4wvdnsy7w7xyxlkkwju/include/cub/device/dispatch/dispatch_scan.cuh, 421]: an illegal memory access was encountered
terminate called after throwing an instance of 'thrust::system::system_error'
  what():  after determining tmp storage requirements for exclusive_scan: cudaErrorIllegalAddress: an illegal memory access was encountered
timeout: the monitored command dumped core
[ERROR] soc-LiveJournal1 A^2 failed (exit=134)

=== C=A^2: soc-Pokec ===
--------------------------------!!!!!!!!------------------------------------
device_id = 0
---------------------------------------------------------------
Device [ 0 ] NVIDIA A100 80GB PCIe @ 1410.00 MHz
MAT: -------------- /scratch/general/vast/u1446071/spgemm_matrices/soc-Pokec.mtx --------------
input matrix A: ( 1632803, 1632803 ) nnz = 30622564
 loadfile time    = 6.58540 sec
the tilesize = 16
SpGEMM nnzCub = 1780294899
CSR to Tile conversion uses 3500.94 ms
tile space overhead = 1716.64 MB
CUDA error 700 [/uufs/chpc.utah.edu/sys/spack/linux-rocky8-nehalem/gcc-8.5.0/cuda-11.8.0-3wlxktsbgw2ui4wvdnsy7w7xyxlkkwju/include/cub/block/../iterator/../util_device.cuh, 375]: an illegal memory access was encountered
CUDA error 700 [/uufs/chpc.utah.edu/sys/spack/linux-rocky8-nehalem/gcc-8.5.0/cuda-11.8.0-3wlxktsbgw2ui4wvdnsy7w7xyxlkkwju/include/cub/block/../iterator/../util_device.cuh, 469]: an illegal memory access was encountered
CUDA error 700 [/uufs/chpc.utah.edu/sys/spack/linux-rocky8-nehalem/gcc-8.5.0/cuda-11.8.0-3wlxktsbgw2ui4wvdnsy7w7xyxlkkwju/include/cub/device/dispatch/dispatch_scan.cuh, 421]: an illegal memory access was encountered
terminate called after throwing an instance of 'thrust::system::system_error'
  what():  after determining tmp storage requirements for exclusive_scan: cudaErrorIllegalAddress: an illegal memory access was encountered
timeout: the monitored command dumped core
[ERROR] soc-Pokec A^2 failed (exit=134)

=== C=A^2: ss ===
--------------------------------!!!!!!!!------------------------------------
device_id = 0
---------------------------------------------------------------
Device [ 0 ] NVIDIA A100 80GB PCIe @ 1410.00 MHz
MAT: -------------- /scratch/general/vast/u1446071/spgemm_matrices/ss.mtx --------------
input matrix A: ( 1652680, 1652680 ) nnz = 34753577
 loadfile time    = 12.51455 sec
the tilesize = 16
SpGEMM nnzCub = 687203895
CSR to Tile conversion uses 450.65 ms
tile space overhead = 407.77 MB
step1 ----Calculate the number and tile-column index of tiles of matrixC---
step1 ---------------------- Runtime is  3.65 ms-------------------------

step2 --------Calculate the number of nonzeros of each tile of matrixC-----
step2 ---------------------- Runtime is  17.55 ms-------------------------

step3 ---------Calculate the val&col of nonzeros of matrixC-------------
step3 ---------------------- Runtime is  44.36 ms------------------------

-----------------------Malloc uses 1.12 ms-------------------------------
Non-empty tiles of C = 8106505
nnzC = 138475935
CUDA  TileSpGEMM runtime is 66.74 ms, gflops = 20.59

=== C=A^2: StocF-1465 ===
--------------------------------!!!!!!!!------------------------------------
device_id = 0
---------------------------------------------------------------
Device [ 0 ] NVIDIA A100 80GB PCIe @ 1410.00 MHz
MAT: -------------- /scratch/general/vast/u1446071/spgemm_matrices/StocF-1465.mtx --------------
input matrix A: ( 1465137, 1465137 ) nnz = 21005389
 loadfile time    = 4.53677 sec
the tilesize = 16
SpGEMM nnzCub = 310855795
CSR to Tile conversion uses 362.52 ms
tile space overhead = 301.53 MB
step1 ----Calculate the number and tile-column index of tiles of matrixC---
step1 ---------------------- Runtime is  5.39 ms-------------------------

step2 --------Calculate the number of nonzeros of each tile of matrixC-----
step2 ---------------------- Runtime is  39.90 ms-------------------------

step3 ---------Calculate the val&col of nonzeros of matrixC-------------
step3 ---------------------- Runtime is  37.99 ms------------------------

-----------------------Malloc uses 1.22 ms-------------------------------
Non-empty tiles of C = 18095662
nnzC = 100734501
CUDA  TileSpGEMM runtime is 84.56 ms, gflops = 7.35

=== C=A^2: stokes ===
--------------------------------!!!!!!!!------------------------------------
device_id = 0
---------------------------------------------------------------
Device [ 0 ] NVIDIA A100 80GB PCIe @ 1410.00 MHz
MAT: -------------- /scratch/general/vast/u1446071/spgemm_matrices/stokes.mtx --------------
input matrix A: ( 11449533, 11449533 ) nnz = 349321980
 loadfile time    = 136.97618 sec
the tilesize = 16
SpGEMM nnzCub = 9424182529
CSR to Tile conversion uses 5646.84 ms
tile space overhead = 4906.70 MB
step1 ----Calculate the number and tile-column index of tiles of matrixC---
step1 ---------------------- Runtime is  320.59 ms-------------------------

step2 --------Calculate the number of nonzeros of each tile of matrixC-----
step2 ---------------------- Runtime is  1237.26 ms-------------------------

step3 ---------Calculate the val&col of nonzeros of matrixC-------------
step3 ---------------------- Runtime is  273.31 ms------------------------

-----------------------Malloc uses 11.13 ms-------------------------------
Non-empty tiles of C = 345179472
nnzC = -1881074766
CUDA  TileSpGEMM runtime is 1842.34 ms, gflops = 10.23

=== C=A^2: sx-stackoverflow ===
--------------------------------!!!!!!!!------------------------------------
device_id = 0
---------------------------------------------------------------
Device [ 0 ] NVIDIA A100 80GB PCIe @ 1410.00 MHz
MAT: -------------- /scratch/general/vast/u1446071/spgemm_matrices/sx-stackoverflow.mtx --------------
input matrix A: ( 2601977, 2601977 ) nnz = 36233450
 loadfile time    = 9.45394 sec
the tilesize = 16
SpGEMM nnzCub = 19688258838
CSR to Tile conversion uses 23488.18 ms
tile space overhead = 2141.15 MB
CUDA error 700 [/uufs/chpc.utah.edu/sys/spack/linux-rocky8-nehalem/gcc-8.5.0/cuda-11.8.0-3wlxktsbgw2ui4wvdnsy7w7xyxlkkwju/include/cub/block/../iterator/../util_device.cuh, 375]: an illegal memory access was encountered
CUDA error 700 [/uufs/chpc.utah.edu/sys/spack/linux-rocky8-nehalem/gcc-8.5.0/cuda-11.8.0-3wlxktsbgw2ui4wvdnsy7w7xyxlkkwju/include/cub/block/../iterator/../util_device.cuh, 469]: an illegal memory access was encountered
CUDA error 700 [/uufs/chpc.utah.edu/sys/spack/linux-rocky8-nehalem/gcc-8.5.0/cuda-11.8.0-3wlxktsbgw2ui4wvdnsy7w7xyxlkkwju/include/cub/device/dispatch/dispatch_scan.cuh, 421]: an illegal memory access was encountered
terminate called after throwing an instance of 'thrust::system::system_error'
  what():  after determining tmp storage requirements for exclusive_scan: cudaErrorIllegalAddress: an illegal memory access was encountered
timeout: the monitored command dumped core
[ERROR] sx-stackoverflow A^2 failed (exit=134)

=== C=A^2: t3dh_a ===
--------------------------------!!!!!!!!------------------------------------
device_id = 0
---------------------------------------------------------------
Device [ 0 ] NVIDIA A100 80GB PCIe @ 1410.00 MHz
MAT: -------------- /scratch/general/vast/u1446071/spgemm_matrices/t3dh_a.mtx --------------
input matrix A: ( 79171, 79171 ) nnz = 4352105
 loadfile time    = 1.57665 sec
the tilesize = 16
SpGEMM nnzCub = 255940359
CSR to Tile conversion uses 254.44 ms
tile space overhead = 51.16 MB
step1 ----Calculate the number and tile-column index of tiles of matrixC---
step1 ---------------------- Runtime is  1.22 ms-------------------------

step2 --------Calculate the number of nonzeros of each tile of matrixC-----
step2 ---------------------- Runtime is  5.29 ms-------------------------

step3 ---------Calculate the val&col of nonzeros of matrixC-------------
step3 ---------------------- Runtime is  19.35 ms------------------------

-----------------------Malloc uses 0.90 ms-------------------------------
Non-empty tiles of C = 982287
nnzC = 33046690
CUDA  TileSpGEMM runtime is 26.81 ms, gflops = 19.09

=== C=A^2: t3dh_e ===
--------------------------------!!!!!!!!------------------------------------
device_id = 0
---------------------------------------------------------------
Device [ 0 ] NVIDIA A100 80GB PCIe @ 1410.00 MHz
MAT: -------------- /scratch/general/vast/u1446071/spgemm_matrices/t3dh_e.mtx --------------
input matrix A: ( 79171, 79171 ) nnz = 4352105
 loadfile time    = 1.08202 sec
the tilesize = 16
SpGEMM nnzCub = 255940359
CSR to Tile conversion uses 155.37 ms
tile space overhead = 51.16 MB
step1 ----Calculate the number and tile-column index of tiles of matrixC---
step1 ---------------------- Runtime is  1.22 ms-------------------------

step2 --------Calculate the number of nonzeros of each tile of matrixC-----
step2 ---------------------- Runtime is  5.28 ms-------------------------

step3 ---------Calculate the val&col of nonzeros of matrixC-------------
step3 ---------------------- Runtime is  19.47 ms------------------------

-----------------------Malloc uses 0.89 ms-------------------------------
Non-empty tiles of C = 982287
nnzC = 33047591
CUDA  TileSpGEMM runtime is 26.90 ms, gflops = 19.03

=== C=A^2: t3dh ===
--------------------------------!!!!!!!!------------------------------------
device_id = 0
---------------------------------------------------------------
Device [ 0 ] NVIDIA A100 80GB PCIe @ 1410.00 MHz
MAT: -------------- /scratch/general/vast/u1446071/spgemm_matrices/t3dh.mtx --------------
input matrix A: ( 79171, 79171 ) nnz = 4352105
 loadfile time    = 1.06307 sec
the tilesize = 16
SpGEMM nnzCub = 255940359
CSR to Tile conversion uses 70.26 ms
tile space overhead = 51.16 MB
step1 ----Calculate the number and tile-column index of tiles of matrixC---
step1 ---------------------- Runtime is  1.21 ms-------------------------

step2 --------Calculate the number of nonzeros of each tile of matrixC-----
step2 ---------------------- Runtime is  5.19 ms-------------------------

step3 ---------Calculate the val&col of nonzeros of matrixC-------------
step3 ---------------------- Runtime is  20.54 ms------------------------

-----------------------Malloc uses 0.85 ms-------------------------------
Non-empty tiles of C = 982287
nnzC = 33040971
CUDA  TileSpGEMM runtime is 27.83 ms, gflops = 18.39

=== C=A^2: TEM152078 ===
--------------------------------!!!!!!!!------------------------------------
device_id = 0
---------------------------------------------------------------
Device [ 0 ] NVIDIA A100 80GB PCIe @ 1410.00 MHz
MAT: -------------- /scratch/general/vast/u1446071/spgemm_matrices/TEM152078.mtx --------------
input matrix A: ( 152078, 152078 ) nnz = 6459326
 loadfile time    = 4.10420 sec
the tilesize = 16
SpGEMM nnzCub = 316248060
CSR to Tile conversion uses 101.64 ms
tile space overhead = 68.98 MB
step1 ----Calculate the number and tile-column index of tiles of matrixC---
step1 ---------------------- Runtime is  1.23 ms-------------------------

step2 --------Calculate the number of nonzeros of each tile of matrixC-----
step2 ---------------------- Runtime is  4.50 ms-------------------------

step3 ---------Calculate the val&col of nonzeros of matrixC-------------
step3 ---------------------- Runtime is  15.63 ms------------------------

-----------------------Malloc uses 0.93 ms-------------------------------
Non-empty tiles of C = 2053493
nnzC = 43621009
CUDA  TileSpGEMM runtime is 22.35 ms, gflops = 28.30

=== C=A^2: TEM181302 ===
--------------------------------!!!!!!!!------------------------------------
device_id = 0
---------------------------------------------------------------
Device [ 0 ] NVIDIA A100 80GB PCIe @ 1410.00 MHz
MAT: -------------- /scratch/general/vast/u1446071/spgemm_matrices/TEM181302.mtx --------------
input matrix A: ( 181302, 181302 ) nnz = 7839010
 loadfile time    = 5.79282 sec
the tilesize = 16
SpGEMM nnzCub = 389462070
CSR to Tile conversion uses 113.78 ms
tile space overhead = 83.96 MB
step1 ----Calculate the number and tile-column index of tiles of matrixC---
step1 ---------------------- Runtime is  1.27 ms-------------------------

step2 --------Calculate the number of nonzeros of each tile of matrixC-----
step2 ---------------------- Runtime is  5.52 ms-------------------------

step3 ---------Calculate the val&col of nonzeros of matrixC-------------
step3 ---------------------- Runtime is  19.39 ms------------------------

-----------------------Malloc uses 0.93 ms-------------------------------
Non-empty tiles of C = 2593124
nnzC = 54067897
CUDA  TileSpGEMM runtime is 27.16 ms, gflops = 28.68

=== C=A^2: test1 ===
--------------------------------!!!!!!!!------------------------------------
device_id = 0
---------------------------------------------------------------
Device [ 0 ] NVIDIA A100 80GB PCIe @ 1410.00 MHz
MAT: -------------- /scratch/general/vast/u1446071/spgemm_matrices/test1.mtx --------------
input matrix A: ( 392908, 392908 ) nnz = 12968200
 loadfile time    = 7.01053 sec
the tilesize = 16
SpGEMM nnzCub = 468508270
CSR to Tile conversion uses 832.96 ms
tile space overhead = 388.92 MB
step1 ----Calculate the number and tile-column index of tiles of matrixC---
step1 ---------------------- Runtime is  20.92 ms-------------------------

step2 --------Calculate the number of nonzeros of each tile of matrixC-----
step2 ---------------------- Runtime is  404.01 ms-------------------------

step3 ---------Calculate the val&col of nonzeros of matrixC-------------
step3 ---------------------- Runtime is  618.31 ms------------------------

-----------------------Malloc uses 1.21 ms-------------------------------
Non-empty tiles of C = 18033307
nnzC = 84348210
CUDA  TileSpGEMM runtime is 1044.50 ms, gflops = 0.90

=== C=A^2: thread ===
--------------------------------!!!!!!!!------------------------------------
device_id = 0
---------------------------------------------------------------
Device [ 0 ] NVIDIA A100 80GB PCIe @ 1410.00 MHz
MAT: -------------- /scratch/general/vast/u1446071/spgemm_matrices/thread.mtx --------------
input matrix A: ( 29736, 29736 ) nnz = 4470048
 loadfile time    = 4.06790 sec
the tilesize = 16
SpGEMM nnzCub = 738161100
CSR to Tile conversion uses 136.27 ms
tile space overhead = 42.15 MB
step1 ----Calculate the number and tile-column index of tiles of matrixC---
step1 ---------------------- Runtime is  1.13 ms-------------------------

step2 --------Calculate the number of nonzeros of each tile of matrixC-----
step2 ---------------------- Runtime is  2.23 ms-------------------------

step3 ---------Calculate the val&col of nonzeros of matrixC-------------
step3 ---------------------- Runtime is  31.97 ms------------------------

-----------------------Malloc uses 0.85 ms-------------------------------
Non-empty tiles of C = 458205
nnzC = 30083186
CUDA  TileSpGEMM runtime is 36.22 ms, gflops = 40.76

=== C=A^2: torso1 ===
--------------------------------!!!!!!!!------------------------------------
device_id = 0
---------------------------------------------------------------
Device [ 0 ] NVIDIA A100 80GB PCIe @ 1410.00 MHz
MAT: -------------- /scratch/general/vast/u1446071/spgemm_matrices/torso1.mtx --------------
input matrix A: ( 116158, 116158 ) nnz = 8516500
 loadfile time    = 47.14784 sec
the tilesize = 16
SpGEMM nnzCub = 7598748124
CSR to Tile conversion uses 215.11 ms
tile space overhead = 78.58 MB
step1 ----Calculate the number and tile-column index of tiles of matrixC---
step1 ---------------------- Runtime is  1.49 ms-------------------------

step2 --------Calculate the number of nonzeros of each tile of matrixC-----
step2 ---------------------- Runtime is  7.85 ms-------------------------

step3 ---------Calculate the val&col of nonzeros of matrixC-------------
step3 ---------------------- Runtime is  165.12 ms------------------------

-----------------------Malloc uses 0.85 ms-------------------------------
Non-empty tiles of C = 413366
nnzC = 17663952
CUDA  TileSpGEMM runtime is 175.35 ms, gflops = 86.67

=== C=A^2: Transport ===
--------------------------------!!!!!!!!------------------------------------
device_id = 0
---------------------------------------------------------------
Device [ 0 ] NVIDIA A100 80GB PCIe @ 1410.00 MHz
MAT: -------------- /scratch/general/vast/u1446071/spgemm_matrices/Transport.mtx --------------
input matrix A: ( 1602111, 1602111 ) nnz = 23500731
 loadfile time    = 295.14146 sec
the tilesize = 16
SpGEMM nnzCub = 346715709
CSR to Tile conversion uses 224.42 ms
tile space overhead = 280.67 MB
step1 ----Calculate the number and tile-column index of tiles of matrixC---
step1 ---------------------- Runtime is  3.08 ms-------------------------

step2 --------Calculate the number of nonzeros of each tile of matrixC-----
step2 ---------------------- Runtime is  12.51 ms-------------------------

step3 ---------Calculate the val&col of nonzeros of matrixC-------------
step3 ---------------------- Runtime is  17.99 ms------------------------

-----------------------Malloc uses 2.00 ms-------------------------------
Non-empty tiles of C = 6275946
nnzC = 89951075
CUDA  TileSpGEMM runtime is 35.64 ms, gflops = 19.45

=== C=A^2: troll ===
--------------------------------!!!!!!!!------------------------------------
device_id = 0
---------------------------------------------------------------
Device [ 0 ] NVIDIA A100 80GB PCIe @ 1410.00 MHz
MAT: -------------- /scratch/general/vast/u1446071/spgemm_matrices/troll.mtx --------------
input matrix A: ( 213453, 213453 ) nnz = 11985111
 loadfile time    = 8.47035 sec
the tilesize = 16
SpGEMM nnzCub = 708402807
CSR to Tile conversion uses 65.83 ms
tile space overhead = 113.56 MB
step1 ----Calculate the number and tile-column index of tiles of matrixC---
step1 ---------------------- Runtime is  1.26 ms-------------------------

step2 --------Calculate the number of nonzeros of each tile of matrixC-----
step2 ---------------------- Runtime is  2.34 ms-------------------------

step3 ---------Calculate the val&col of nonzeros of matrixC-------------
step3 ---------------------- Runtime is  25.64 ms------------------------

-----------------------Malloc uses 0.97 ms-------------------------------
Non-empty tiles of C = 1017101
nnzC = 43280583
CUDA  TileSpGEMM runtime is 30.27 ms, gflops = 46.81

=== C=A^2: TSC_OPF_1047 ===
--------------------------------!!!!!!!!------------------------------------
device_id = 0
---------------------------------------------------------------
Device [ 0 ] NVIDIA A100 80GB PCIe @ 1410.00 MHz
MAT: -------------- /scratch/general/vast/u1446071/spgemm_matrices/TSC_OPF_1047.mtx --------------
input matrix A: ( 8140, 8140 ) nnz = 2016902
 loadfile time    = 2.73765 sec
the tilesize = 16
SpGEMM nnzCub = 1352381644
CSR to Tile conversion uses 64.89 ms
tile space overhead = 18.38 MB
step1 ----Calculate the number and tile-column index of tiles of matrixC---
step1 ---------------------- Runtime is  0.97 ms-------------------------

step2 --------Calculate the number of nonzeros of each tile of matrixC-----
step2 ---------------------- Runtime is  2.58 ms-------------------------

step3 ---------Calculate the val&col of nonzeros of matrixC-------------
step3 ---------------------- Runtime is  44.09 ms------------------------

-----------------------Malloc uses 0.46 ms-------------------------------
Non-empty tiles of C = 115265
nnzC = 8263665
CUDA  TileSpGEMM runtime is 48.16 ms, gflops = 56.16

=== C=A^2: TSOPF_FS_b300_c1 ===
--------------------------------!!!!!!!!------------------------------------
device_id = 0
---------------------------------------------------------------
Device [ 0 ] NVIDIA A100 80GB PCIe @ 1410.00 MHz
MAT: -------------- /scratch/general/vast/u1446071/spgemm_matrices/TSOPF_FS_b300_c1.mtx --------------
input matrix A: ( 29214, 29214 ) nnz = 4400122
 loadfile time    = 17.76078 sec
the tilesize = 16
SpGEMM nnzCub = 14023656792
CSR to Tile conversion uses 369.73 ms
tile space overhead = 39.63 MB
step1 ----Calculate the number and tile-column index of tiles of matrixC---
step1 ---------------------- Runtime is  1.50 ms-------------------------

step2 --------Calculate the number of nonzeros of each tile of matrixC-----
step2 ---------------------- Runtime is  12.22 ms-------------------------

step3 ---------Calculate the val&col of nonzeros of matrixC-------------
step3 ---------------------- Runtime is  1017.49 ms------------------------

-----------------------Malloc uses 0.95 ms-------------------------------
Non-empty tiles of C = 880456
nnzC = 205192026
CUDA  TileSpGEMM runtime is 1032.22 ms, gflops = 27.17

=== C=A^2: TSOPF_FS_b300_c2 ===
--------------------------------!!!!!!!!------------------------------------
device_id = 0
---------------------------------------------------------------
Device [ 0 ] NVIDIA A100 80GB PCIe @ 1410.00 MHz
MAT: -------------- /scratch/general/vast/u1446071/spgemm_matrices/TSOPF_FS_b300_c2.mtx --------------
input matrix A: ( 56814, 56814 ) nnz = 8767466
 loadfile time    = 1.95217 sec
the tilesize = 16
SpGEMM nnzCub = 53947137470
CSR to Tile conversion uses 1231.86 ms
tile space overhead = 78.86 MB
step1 ----Calculate the number and tile-column index of tiles of matrixC---
step1 ---------------------- Runtime is  2.52 ms-------------------------

step2 --------Calculate the number of nonzeros of each tile of matrixC-----
step2 ---------------------- Runtime is  42.04 ms-------------------------

step3 ---------Calculate the val&col of nonzeros of matrixC-------------
step3 ---------------------- Runtime is  801.65 ms------------------------

-----------------------Malloc uses 1.22 ms-------------------------------
Non-empty tiles of C = 3246409
nnzC = 791339381
CUDA  TileSpGEMM runtime is 847.48 ms, gflops = 127.31

=== C=A^2: TSOPF_FS_b300_c3 ===
--------------------------------!!!!!!!!------------------------------------
device_id = 0
---------------------------------------------------------------
Device [ 0 ] NVIDIA A100 80GB PCIe @ 1410.00 MHz
MAT: -------------- /scratch/general/vast/u1446071/spgemm_matrices/TSOPF_FS_b300_c3.mtx --------------
input matrix A: ( 84414, 84414 ) nnz = 13135930
 loadfile time    = 31.01830 sec
the tilesize = 16
SpGEMM nnzCub = 119817914048
CSR to Tile conversion uses 2578.30 ms
tile space overhead = 118.08 MB
step1 ----Calculate the number and tile-column index of tiles of matrixC---
step1 ---------------------- Runtime is  3.70 ms-------------------------

step2 --------Calculate the number of nonzeros of each tile of matrixC-----
step2 ---------------------- Runtime is  70.75 ms-------------------------

step3 ---------Calculate the val&col of nonzeros of matrixC-------------
step3 ---------------------- Runtime is  1502.05 ms------------------------

-----------------------Malloc uses 1.63 ms-------------------------------
Non-empty tiles of C = 7112690
nnzC = 1759087515
CUDA  TileSpGEMM runtime is 1578.19 ms, gflops = 151.84

=== C=A^2: TSOPF_FS_b300 ===
--------------------------------!!!!!!!!------------------------------------
device_id = 0
---------------------------------------------------------------
Device [ 0 ] NVIDIA A100 80GB PCIe @ 1410.00 MHz
MAT: -------------- /scratch/general/vast/u1446071/spgemm_matrices/TSOPF_FS_b300.mtx --------------
input matrix A: ( 29214, 29214 ) nnz = 4400122
 loadfile time    = 8.21179 sec
the tilesize = 16
SpGEMM nnzCub = 14023656792
CSR to Tile conversion uses 347.87 ms
tile space overhead = 39.63 MB
step1 ----Calculate the number and tile-column index of tiles of matrixC---
step1 ---------------------- Runtime is  1.49 ms-------------------------

step2 --------Calculate the number of nonzeros of each tile of matrixC-----
step2 ---------------------- Runtime is  11.89 ms-------------------------

step3 ---------Calculate the val&col of nonzeros of matrixC-------------
step3 ---------------------- Runtime is  1029.04 ms------------------------

-----------------------Malloc uses 0.98 ms-------------------------------
Non-empty tiles of C = 880456
nnzC = 205215573
CUDA  TileSpGEMM runtime is 1043.46 ms, gflops = 26.88

=== C=A^2: TSOPF_RS_b2052_c1 ===
--------------------------------!!!!!!!!------------------------------------
device_id = 0
---------------------------------------------------------------
Device [ 0 ] NVIDIA A100 80GB PCIe @ 1410.00 MHz
MAT: -------------- /scratch/general/vast/u1446071/spgemm_matrices/TSOPF_RS_b2052_c1.mtx --------------
input matrix A: ( 25626, 25626 ) nnz = 6761100
 loadfile time    = 22.76508 sec
the tilesize = 16
SpGEMM nnzCub = 53335853
CSR to Tile conversion uses 127.65 ms
tile space overhead = 60.06 MB
step1 ----Calculate the number and tile-column index of tiles of matrixC---
step1 ---------------------- Runtime is  0.78 ms-------------------------

step2 --------Calculate the number of nonzeros of each tile of matrixC-----
step2 ---------------------- Runtime is  0.58 ms-------------------------

step3 ---------Calculate the val&col of nonzeros of matrixC-------------
step3 ---------------------- Runtime is  9.08 ms------------------------

-----------------------Malloc uses 0.57 ms-------------------------------
Non-empty tiles of C = 172018
nnzC = 20474844
CUDA  TileSpGEMM runtime is 11.05 ms, gflops = 9.66

=== C=A^2: TSOPF_RS_b2383_c1 ===
--------------------------------!!!!!!!!------------------------------------
device_id = 0
---------------------------------------------------------------
Device [ 0 ] NVIDIA A100 80GB PCIe @ 1410.00 MHz
MAT: -------------- /scratch/general/vast/u1446071/spgemm_matrices/TSOPF_RS_b2383_c1.mtx --------------
input matrix A: ( 38120, 38120 ) nnz = 16171169
 loadfile time    = 43.59623 sec
the tilesize = 16
SpGEMM nnzCub = 127949437
CSR to Tile conversion uses 238.92 ms
tile space overhead = 143.54 MB
step1 ----Calculate the number and tile-column index of tiles of matrixC---
step1 ---------------------- Runtime is  1.09 ms-------------------------

step2 --------Calculate the number of nonzeros of each tile of matrixC-----
step2 ---------------------- Runtime is  1.23 ms-------------------------

step3 ---------Calculate the val&col of nonzeros of matrixC-------------
step3 ---------------------- Runtime is  17.77 ms------------------------

-----------------------Malloc uses 0.89 ms-------------------------------
Non-empty tiles of C = 380827
nnzC = 49947623
CUDA  TileSpGEMM runtime is 21.03 ms, gflops = 12.17

=== C=A^2: TSOPF_RS_b2383 ===
--------------------------------!!!!!!!!------------------------------------
device_id = 0
---------------------------------------------------------------
Device [ 0 ] NVIDIA A100 80GB PCIe @ 1410.00 MHz
MAT: -------------- /scratch/general/vast/u1446071/spgemm_matrices/TSOPF_RS_b2383.mtx --------------
input matrix A: ( 38120, 38120 ) nnz = 16171169
 loadfile time    = 24.01307 sec
the tilesize = 16
SpGEMM nnzCub = 127949437
CSR to Tile conversion uses 342.77 ms
tile space overhead = 143.54 MB
step1 ----Calculate the number and tile-column index of tiles of matrixC---
step1 ---------------------- Runtime is  1.10 ms-------------------------

step2 --------Calculate the number of nonzeros of each tile of matrixC-----
step2 ---------------------- Runtime is  1.25 ms-------------------------

step3 ---------Calculate the val&col of nonzeros of matrixC-------------
step3 ---------------------- Runtime is  17.11 ms------------------------

-----------------------Malloc uses 0.95 ms-------------------------------
Non-empty tiles of C = 380827
nnzC = 49952145
CUDA  TileSpGEMM runtime is 20.47 ms, gflops = 12.50

=== C=A^2: TSOPF_RS_b300_c2 ===
--------------------------------!!!!!!!!------------------------------------
device_id = 0
---------------------------------------------------------------
Device [ 0 ] NVIDIA A100 80GB PCIe @ 1410.00 MHz
MAT: -------------- /scratch/general/vast/u1446071/spgemm_matrices/TSOPF_RS_b300_c2.mtx --------------
input matrix A: ( 28338, 28338 ) nnz = 2943887
 loadfile time    = 3.23671 sec
the tilesize = 16
SpGEMM nnzCub = 23017811
CSR to Tile conversion uses 93.95 ms
tile space overhead = 26.48 MB
step1 ----Calculate the number and tile-column index of tiles of matrixC---
step1 ---------------------- Runtime is  0.77 ms-------------------------

step2 --------Calculate the number of nonzeros of each tile of matrixC-----
step2 ---------------------- Runtime is  0.38 ms-------------------------

step3 ---------Calculate the val&col of nonzeros of matrixC-------------
step3 ---------------------- Runtime is  6.89 ms------------------------

-----------------------Malloc uses 0.38 ms-------------------------------
Non-empty tiles of C = 74065
nnzC = 8795680
CUDA  TileSpGEMM runtime is 8.45 ms, gflops = 5.45

=== C=A^2: TSOPF_RS_b300_c3 ===
--------------------------------!!!!!!!!------------------------------------
device_id = 0
---------------------------------------------------------------
Device [ 0 ] NVIDIA A100 80GB PCIe @ 1410.00 MHz
MAT: -------------- /scratch/general/vast/u1446071/spgemm_matrices/TSOPF_RS_b300_c3.mtx --------------
input matrix A: ( 42138, 42138 ) nnz = 4413449
 loadfile time    = 5.04002 sec
the tilesize = 16
SpGEMM nnzCub = 34508933
CSR to Tile conversion uses 99.41 ms
tile space overhead = 39.69 MB
step1 ----Calculate the number and tile-column index of tiles of matrixC---
step1 ---------------------- Runtime is  0.77 ms-------------------------

step2 --------Calculate the number of nonzeros of each tile of matrixC-----
step2 ---------------------- Runtime is  0.44 ms-------------------------

step3 ---------Calculate the val&col of nonzeros of matrixC-------------
step3 ---------------------- Runtime is  8.84 ms------------------------

-----------------------Malloc uses 0.44 ms-------------------------------
Non-empty tiles of C = 110314
nnzC = 12947274
CUDA  TileSpGEMM runtime is 10.53 ms, gflops = 6.55

=== C=A^2: TSOPF_RS_b678_c1 ===
--------------------------------!!!!!!!!------------------------------------
device_id = 0
---------------------------------------------------------------
Device [ 0 ] NVIDIA A100 80GB PCIe @ 1410.00 MHz
MAT: -------------- /scratch/general/vast/u1446071/spgemm_matrices/TSOPF_RS_b678_c1.mtx --------------
input matrix A: ( 18696, 18696 ) nnz = 4396289
 loadfile time    = 5.23316 sec
the tilesize = 16
SpGEMM nnzCub = 34651853
CSR to Tile conversion uses 136.99 ms
tile space overhead = 39.10 MB
step1 ----Calculate the number and tile-column index of tiles of matrixC---
step1 ---------------------- Runtime is  0.78 ms-------------------------

step2 --------Calculate the number of nonzeros of each tile of matrixC-----
step2 ---------------------- Runtime is  0.46 ms-------------------------

step3 ---------Calculate the val&col of nonzeros of matrixC-------------
step3 ---------------------- Runtime is  8.98 ms------------------------

-----------------------Malloc uses 0.41 ms-------------------------------
Non-empty tiles of C = 95120
nnzC = 13307874
CUDA  TileSpGEMM runtime is 10.67 ms, gflops = 6.50

=== C=A^2: TSOPF_RS_b678_c2 ===
--------------------------------!!!!!!!!------------------------------------
device_id = 0
---------------------------------------------------------------
Device [ 0 ] NVIDIA A100 80GB PCIe @ 1410.00 MHz
MAT: -------------- /scratch/general/vast/u1446071/spgemm_matrices/TSOPF_RS_b678_c2.mtx --------------
input matrix A: ( 35696, 35696 ) nnz = 8781949
 loadfile time    = 8.83879 sec
the tilesize = 16
SpGEMM nnzCub = 69226453
CSR to Tile conversion uses 166.31 ms
tile space overhead = 78.02 MB
step1 ----Calculate the number and tile-column index of tiles of matrixC---
step1 ---------------------- Runtime is  0.92 ms-------------------------

step2 --------Calculate the number of nonzeros of each tile of matrixC-----
step2 ---------------------- Runtime is  0.76 ms-------------------------

step3 ---------Calculate the val&col of nonzeros of matrixC-------------
step3 ---------------------- Runtime is  13.70 ms------------------------

-----------------------Malloc uses 0.66 ms-------------------------------
Non-empty tiles of C = 185279
nnzC = 26817059
CUDA  TileSpGEMM runtime is 16.08 ms, gflops = 8.61

=== C=A^2: tsyl201 ===
--------------------------------!!!!!!!!------------------------------------
device_id = 0
---------------------------------------------------------------
Device [ 0 ] NVIDIA A100 80GB PCIe @ 1410.00 MHz
MAT: -------------- /scratch/general/vast/u1446071/spgemm_matrices/tsyl201.mtx --------------
input matrix A: ( 20685, 20685 ) nnz = 2454957
 loadfile time    = 0.38149 sec
the tilesize = 16
SpGEMM nnzCub = 308227437
CSR to Tile conversion uses 88.37 ms
tile space overhead = 23.35 MB
step1 ----Calculate the number and tile-column index of tiles of matrixC---
step1 ---------------------- Runtime is  1.06 ms-------------------------

step2 --------Calculate the number of nonzeros of each tile of matrixC-----
step2 ---------------------- Runtime is  1.22 ms-------------------------

step3 ---------Calculate the val&col of nonzeros of matrixC-------------
step3 ---------------------- Runtime is  16.37 ms------------------------

-----------------------Malloc uses 0.65 ms-------------------------------
Non-empty tiles of C = 205565
nnzC = 11511906
CUDA  TileSpGEMM runtime is 19.34 ms, gflops = 31.87

=== C=A^2: uk-2002 ===
--------------------------------!!!!!!!!------------------------------------
device_id = 0
---------------------------------------------------------------
Device [ 0 ] NVIDIA A100 80GB PCIe @ 1410.00 MHz
MAT: -------------- /scratch/general/vast/u1446071/spgemm_matrices/uk-2002.mtx --------------
input matrix A: ( 18520486, 18520486 ) nnz = 298113762
 loadfile time    = 141.05280 sec
the tilesize = 16
SpGEMM nnzCub = 14603305014
CSR to Tile conversion uses 2248.81 ms
tile space overhead = 3336.69 MB
step1 ----Calculate the number and tile-column index of tiles of matrixC---
step1 ---------------------- Runtime is  369.09 ms-------------------------
d_blkcsr_Ptr_C failed
d_blkmaskC failed
terminate called after throwing an instance of 'thrust::system::detail::bad_alloc'
  what():  std::bad_alloc: cudaErrorIllegalAddress: an illegal memory access was encountered
timeout: the monitored command dumped core
[ERROR] uk-2002 A^2 failed (exit=134)

=== C=A^2: vas_stokes_1M ===
--------------------------------!!!!!!!!------------------------------------
device_id = 0
---------------------------------------------------------------
Device [ 0 ] NVIDIA A100 80GB PCIe @ 1410.00 MHz
MAT: -------------- /scratch/general/vast/u1446071/spgemm_matrices/vas_stokes_1M.mtx --------------
input matrix A: ( 1090664, 1090664 ) nnz = 34767207
 loadfile time    = 23.95666 sec
the tilesize = 16
SpGEMM nnzCub = 985679918
CSR to Tile conversion uses 679.42 ms
tile space overhead = 471.09 MB
step1 ----Calculate the number and tile-column index of tiles of matrixC---
step1 ---------------------- Runtime is  23.55 ms-------------------------

step2 --------Calculate the number of nonzeros of each tile of matrixC-----
step2 ---------------------- Runtime is  121.44 ms-------------------------

step3 ---------Calculate the val&col of nonzeros of matrixC-------------
step3 ---------------------- Runtime is  170.55 ms------------------------

-----------------------Malloc uses 1.33 ms-------------------------------
Non-empty tiles of C = 37587884
nnzC = 257788495
CUDA  TileSpGEMM runtime is 316.92 ms, gflops = 6.22

=== C=A^2: vas_stokes_2M ===
--------------------------------!!!!!!!!------------------------------------
device_id = 0
---------------------------------------------------------------
Device [ 0 ] NVIDIA A100 80GB PCIe @ 1410.00 MHz
MAT: -------------- /scratch/general/vast/u1446071/spgemm_matrices/vas_stokes_2M.mtx --------------
input matrix A: ( 2146677, 2146677 ) nnz = 65129037
 loadfile time    = 45.78581 sec
the tilesize = 16
SpGEMM nnzCub = 1758734169
CSR to Tile conversion uses 1311.32 ms
tile space overhead = 867.57 MB
step1 ----Calculate the number and tile-column index of tiles of matrixC---
step1 ---------------------- Runtime is  40.73 ms-------------------------

step2 --------Calculate the number of nonzeros of each tile of matrixC-----
step2 ---------------------- Runtime is  195.50 ms-------------------------

step3 ---------Calculate the val&col of nonzeros of matrixC-------------
step3 ---------------------- Runtime is  273.31 ms------------------------

-----------------------Malloc uses 1.71 ms-------------------------------
Non-empty tiles of C = 64156274
nnzC = 464803616
CUDA  TileSpGEMM runtime is 511.30 ms, gflops = 6.88

=== C=A^2: vas_stokes_4M ===
--------------------------------!!!!!!!!------------------------------------
device_id = 0
---------------------------------------------------------------
Device [ 0 ] NVIDIA A100 80GB PCIe @ 1410.00 MHz
MAT: -------------- /scratch/general/vast/u1446071/spgemm_matrices/vas_stokes_4M.mtx --------------
input matrix A: ( 4382246, 4382246 ) nnz = 131577616
 loadfile time    = 87.82587 sec
the tilesize = 16
SpGEMM nnzCub = 3553402698
CSR to Tile conversion uses 1822.35 ms
tile space overhead = 1718.36 MB
step1 ----Calculate the number and tile-column index of tiles of matrixC---
step1 ---------------------- Runtime is  93.07 ms-------------------------

step2 --------Calculate the number of nonzeros of each tile of matrixC-----
step2 ---------------------- Runtime is  353.06 ms-------------------------

step3 ---------Calculate the val&col of nonzeros of matrixC-------------
step3 ---------------------- Runtime is  487.61 ms------------------------

-----------------------Malloc uses 4.81 ms-------------------------------
Non-empty tiles of C = 124018139
nnzC = 935678762
CUDA  TileSpGEMM runtime is 938.61 ms, gflops = 7.57

=== C=A^2: vsp_bcsstk30_500sep_10in_1Kout ===
--------------------------------!!!!!!!!------------------------------------
device_id = 0
---------------------------------------------------------------
Device [ 0 ] NVIDIA A100 80GB PCIe @ 1410.00 MHz
MAT: -------------- /scratch/general/vast/u1446071/spgemm_matrices/vsp_bcsstk30_500sep_10in_1Kout.mtx --------------
input matrix A: ( 58348, 58348 ) nnz = 4033156
 loadfile time    = 0.83576 sec
the tilesize = 16
SpGEMM nnzCub = 339135198
CSR to Tile conversion uses 799.73 ms
tile space overhead = 219.86 MB
step1 ----Calculate the number and tile-column index of tiles of matrixC---
step1 ---------------------- Runtime is  20.53 ms-------------------------

step2 --------Calculate the number of nonzeros of each tile of matrixC-----
step2 ---------------------- Runtime is  1227.98 ms-------------------------

step3 ---------Calculate the val&col of nonzeros of matrixC-------------
step3 ---------------------- Runtime is  3823.50 ms------------------------

-----------------------Malloc uses 1.15 ms-------------------------------
Non-empty tiles of C = 13300609
nnzC = 18175907
CUDA  TileSpGEMM runtime is 5073.22 ms, gflops = 0.13

=== C=A^2: vsp_msc10848_300sep_100in_1Kout ===
--------------------------------!!!!!!!!------------------------------------
device_id = 0
---------------------------------------------------------------
Device [ 0 ] NVIDIA A100 80GB PCIe @ 1410.00 MHz
MAT: -------------- /scratch/general/vast/u1446071/spgemm_matrices/vsp_msc10848_300sep_100in_1Kout.mtx --------------
input matrix A: ( 21996, 21996 ) nnz = 2442056
 loadfile time    = 0.41611 sec
the tilesize = 16
SpGEMM nnzCub = 324579262
CSR to Tile conversion uses 292.40 ms
tile space overhead = 93.74 MB
step1 ----Calculate the number and tile-column index of tiles of matrixC---
step1 ---------------------- Runtime is  17.46 ms-------------------------

step2 --------Calculate the number of nonzeros of each tile of matrixC-----
step2 ---------------------- Runtime is  223.69 ms-------------------------

step3 ---------Calculate the val&col of nonzeros of matrixC-------------
step3 ---------------------- Runtime is  771.55 ms------------------------

-----------------------Malloc uses 1.01 ms-------------------------------
Non-empty tiles of C = 1890625
nnzC = 12828344
CUDA  TileSpGEMM runtime is 1013.78 ms, gflops = 0.64

=== C=A^2: wb-edu ===
--------------------------------!!!!!!!!------------------------------------
device_id = 0
---------------------------------------------------------------
Device [ 0 ] NVIDIA A100 80GB PCIe @ 1410.00 MHz
MAT: -------------- /scratch/general/vast/u1446071/spgemm_matrices/wb-edu.mtx --------------
input matrix A: ( 9845725, 9845725 ) nnz = 57156537
 loadfile time    = 26.27961 sec
the tilesize = 16
SpGEMM nnzCub = 1559579990
CSR to Tile conversion uses 1059.91 ms
tile space overhead = 786.12 MB
step1 ----Calculate the number and tile-column index of tiles of matrixC---
step1 ---------------------- Runtime is  40.99 ms-------------------------

step2 --------Calculate the number of nonzeros of each tile of matrixC-----
step2 ---------------------- Runtime is  81.22 ms-------------------------

step3 ---------Calculate the val&col of nonzeros of matrixC-------------
step3 ---------------------- Runtime is  87.69 ms------------------------

-----------------------Malloc uses 1.52 ms-------------------------------
Non-empty tiles of C = 37611441
nnzC = 468018319
CUDA  TileSpGEMM runtime is 211.49 ms, gflops = 14.75

=== C=A^2: webbase-1M ===
--------------------------------!!!!!!!!------------------------------------
device_id = 0
---------------------------------------------------------------
Device [ 0 ] NVIDIA A100 80GB PCIe @ 1410.00 MHz
MAT: -------------- /scratch/general/vast/u1446071/spgemm_matrices/webbase-1M.mtx --------------
input matrix A: ( 1000005, 1000005 ) nnz = 3105536
 loadfile time    = 0.97272 sec
the tilesize = 16
SpGEMM nnzCub = 69524195
CSR to Tile conversion uses 286.56 ms
tile space overhead = 45.92 MB
step1 ----Calculate the number and tile-column index of tiles of matrixC---
step1 ---------------------- Runtime is  10.35 ms-------------------------

step2 --------Calculate the number of nonzeros of each tile of matrixC-----
step2 ---------------------- Runtime is  8.04 ms-------------------------

step3 ---------Calculate the val&col of nonzeros of matrixC-------------
step3 ---------------------- Runtime is  19.90 ms------------------------

-----------------------Malloc uses 0.96 ms-------------------------------
Non-empty tiles of C = 3447647
nnzC = 18842224
CUDA  TileSpGEMM runtime is 39.31 ms, gflops = 3.54

=== C=A^2: wikipedia-20051105 ===
--------------------------------!!!!!!!!------------------------------------
device_id = 0
---------------------------------------------------------------
Device [ 0 ] NVIDIA A100 80GB PCIe @ 1410.00 MHz
MAT: -------------- /scratch/general/vast/u1446071/spgemm_matrices/wikipedia-20051105.mtx --------------
input matrix A: ( 1634989, 1634989 ) nnz = 19753078
 loadfile time    = 8.53900 sec
the tilesize = 16
SpGEMM nnzCub = 2373873670
CSR to Tile conversion uses 2082.18 ms
tile space overhead = 1036.03 MB
CUDA error 700 [/uufs/chpc.utah.edu/sys/spack/linux-rocky8-nehalem/gcc-8.5.0/cuda-11.8.0-3wlxktsbgw2ui4wvdnsy7w7xyxlkkwju/include/cub/block/../iterator/../util_device.cuh, 375]: an illegal memory access was encountered
CUDA error 700 [/uufs/chpc.utah.edu/sys/spack/linux-rocky8-nehalem/gcc-8.5.0/cuda-11.8.0-3wlxktsbgw2ui4wvdnsy7w7xyxlkkwju/include/cub/block/../iterator/../util_device.cuh, 469]: an illegal memory access was encountered
CUDA error 700 [/uufs/chpc.utah.edu/sys/spack/linux-rocky8-nehalem/gcc-8.5.0/cuda-11.8.0-3wlxktsbgw2ui4wvdnsy7w7xyxlkkwju/include/cub/device/dispatch/dispatch_scan.cuh, 421]: an illegal memory access was encountered
terminate called after throwing an instance of 'thrust::system::system_error'
  what():  after determining tmp storage requirements for exclusive_scan: cudaErrorIllegalAddress: an illegal memory access was encountered
timeout: the monitored command dumped core
[ERROR] wikipedia-20051105 A^2 failed (exit=134)

=== C=A^2: wikipedia-20060925 ===
--------------------------------!!!!!!!!------------------------------------
device_id = 0
---------------------------------------------------------------
Device [ 0 ] NVIDIA A100 80GB PCIe @ 1410.00 MHz
MAT: -------------- /scratch/general/vast/u1446071/spgemm_matrices/wikipedia-20060925.mtx --------------
input matrix A: ( 2983494, 2983494 ) nnz = 37269096
 loadfile time    = 20.48493 sec
the tilesize = 16
SpGEMM nnzCub = 5015045714
CSR to Tile conversion uses 4666.61 ms
tile space overhead = 2043.60 MB
CUDA error 700 [/uufs/chpc.utah.edu/sys/spack/linux-rocky8-nehalem/gcc-8.5.0/cuda-11.8.0-3wlxktsbgw2ui4wvdnsy7w7xyxlkkwju/include/cub/block/../iterator/../util_device.cuh, 375]: an illegal memory access was encountered
CUDA error 700 [/uufs/chpc.utah.edu/sys/spack/linux-rocky8-nehalem/gcc-8.5.0/cuda-11.8.0-3wlxktsbgw2ui4wvdnsy7w7xyxlkkwju/include/cub/block/../iterator/../util_device.cuh, 469]: an illegal memory access was encountered
CUDA error 700 [/uufs/chpc.utah.edu/sys/spack/linux-rocky8-nehalem/gcc-8.5.0/cuda-11.8.0-3wlxktsbgw2ui4wvdnsy7w7xyxlkkwju/include/cub/device/dispatch/dispatch_scan.cuh, 421]: an illegal memory access was encountered
terminate called after throwing an instance of 'thrust::system::system_error'
  what():  after determining tmp storage requirements for exclusive_scan: cudaErrorIllegalAddress: an illegal memory access was encountered
timeout: the monitored command dumped core
[ERROR] wikipedia-20060925 A^2 failed (exit=134)

=== C=A^2: wikipedia-20061104 ===
--------------------------------!!!!!!!!------------------------------------
device_id = 0
---------------------------------------------------------------
Device [ 0 ] NVIDIA A100 80GB PCIe @ 1410.00 MHz
MAT: -------------- /scratch/general/vast/u1446071/spgemm_matrices/wikipedia-20061104.mtx --------------
input matrix A: ( 3148440, 3148440 ) nnz = 39383235
 loadfile time    = 19.28978 sec
the tilesize = 16
SpGEMM nnzCub = 5364494074
CSR to Tile conversion uses 5088.67 ms
tile space overhead = 2163.72 MB
CUDA error 700 [/uufs/chpc.utah.edu/sys/spack/linux-rocky8-nehalem/gcc-8.5.0/cuda-11.8.0-3wlxktsbgw2ui4wvdnsy7w7xyxlkkwju/include/cub/block/../iterator/../util_device.cuh, 375]: an illegal memory access was encountered
CUDA error 700 [/uufs/chpc.utah.edu/sys/spack/linux-rocky8-nehalem/gcc-8.5.0/cuda-11.8.0-3wlxktsbgw2ui4wvdnsy7w7xyxlkkwju/include/cub/block/../iterator/../util_device.cuh, 469]: an illegal memory access was encountered
CUDA error 700 [/uufs/chpc.utah.edu/sys/spack/linux-rocky8-nehalem/gcc-8.5.0/cuda-11.8.0-3wlxktsbgw2ui4wvdnsy7w7xyxlkkwju/include/cub/device/dispatch/dispatch_scan.cuh, 421]: an illegal memory access was encountered
terminate called after throwing an instance of 'thrust::system::system_error'
  what():  after determining tmp storage requirements for exclusive_scan: cudaErrorIllegalAddress: an illegal memory access was encountered
timeout: the monitored command dumped core
[ERROR] wikipedia-20061104 A^2 failed (exit=134)

=== C=A^2: wikipedia-20070206 ===
--------------------------------!!!!!!!!------------------------------------
device_id = 0
---------------------------------------------------------------
Device [ 0 ] NVIDIA A100 80GB PCIe @ 1410.00 MHz
MAT: -------------- /scratch/general/vast/u1446071/spgemm_matrices/wikipedia-20070206.mtx --------------
input matrix A: ( 3566907, 3566907 ) nnz = 45030389
 loadfile time    = 22.84008 sec
the tilesize = 16
SpGEMM nnzCub = 6398018911
CSR to Tile conversion uses 5835.47 ms
tile space overhead = 2493.15 MB
CUDA error 700 [/uufs/chpc.utah.edu/sys/spack/linux-rocky8-nehalem/gcc-8.5.0/cuda-11.8.0-3wlxktsbgw2ui4wvdnsy7w7xyxlkkwju/include/cub/block/../iterator/../util_device.cuh, 375]: an illegal memory access was encountered
CUDA error 700 [/uufs/chpc.utah.edu/sys/spack/linux-rocky8-nehalem/gcc-8.5.0/cuda-11.8.0-3wlxktsbgw2ui4wvdnsy7w7xyxlkkwju/include/cub/block/../iterator/../util_device.cuh, 469]: an illegal memory access was encountered
CUDA error 700 [/uufs/chpc.utah.edu/sys/spack/linux-rocky8-nehalem/gcc-8.5.0/cuda-11.8.0-3wlxktsbgw2ui4wvdnsy7w7xyxlkkwju/include/cub/device/dispatch/dispatch_scan.cuh, 421]: an illegal memory access was encountered
terminate called after throwing an instance of 'thrust::system::system_error'
  what():  after determining tmp storage requirements for exclusive_scan: cudaErrorIllegalAddress: an illegal memory access was encountered
timeout: the monitored command dumped core
[ERROR] wikipedia-20070206 A^2 failed (exit=134)

=== C=A^2: wiki-topcats ===
--------------------------------!!!!!!!!------------------------------------
device_id = 0
---------------------------------------------------------------
Device [ 0 ] NVIDIA A100 80GB PCIe @ 1410.00 MHz
MAT: -------------- /scratch/general/vast/u1446071/spgemm_matrices/wiki-topcats.mtx --------------
input matrix A: ( 1791489, 1791489 ) nnz = 28511807
 loadfile time    = 12.48429 sec
the tilesize = 16
SpGEMM nnzCub = 2662974839
CSR to Tile conversion uses 1965.94 ms
tile space overhead = 1068.90 MB
CUDA error 700 [/uufs/chpc.utah.edu/sys/spack/linux-rocky8-nehalem/gcc-8.5.0/cuda-11.8.0-3wlxktsbgw2ui4wvdnsy7w7xyxlkkwju/include/cub/block/../iterator/../util_device.cuh, 375]: an illegal memory access was encountered
CUDA error 700 [/uufs/chpc.utah.edu/sys/spack/linux-rocky8-nehalem/gcc-8.5.0/cuda-11.8.0-3wlxktsbgw2ui4wvdnsy7w7xyxlkkwju/include/cub/block/../iterator/../util_device.cuh, 469]: an illegal memory access was encountered
CUDA error 700 [/uufs/chpc.utah.edu/sys/spack/linux-rocky8-nehalem/gcc-8.5.0/cuda-11.8.0-3wlxktsbgw2ui4wvdnsy7w7xyxlkkwju/include/cub/device/dispatch/dispatch_scan.cuh, 421]: an illegal memory access was encountered
terminate called after throwing an instance of 'thrust::system::system_error'
  what():  after determining tmp storage requirements for exclusive_scan: cudaErrorIllegalAddress: an illegal memory access was encountered
timeout: the monitored command dumped core
[ERROR] wiki-topcats A^2 failed (exit=134)

=== C=A^2: x104 ===
--------------------------------!!!!!!!!------------------------------------
device_id = 0
---------------------------------------------------------------
Device [ 0 ] NVIDIA A100 80GB PCIe @ 1410.00 MHz
MAT: -------------- /scratch/general/vast/u1446071/spgemm_matrices/x104.mtx --------------
input matrix A: ( 108384, 108384 ) nnz = 10167624
 loadfile time    = 4.93400 sec
the tilesize = 16
SpGEMM nnzCub = 1046272464
CSR to Tile conversion uses 124.22 ms
tile space overhead = 94.54 MB
step1 ----Calculate the number and tile-column index of tiles of matrixC---
step1 ---------------------- Runtime is  1.19 ms-------------------------

step2 --------Calculate the number of nonzeros of each tile of matrixC-----
step2 ---------------------- Runtime is  1.94 ms-------------------------

step3 ---------Calculate the val&col of nonzeros of matrixC-------------
step3 ---------------------- Runtime is  31.74 ms------------------------

-----------------------Malloc uses 1.02 ms-------------------------------
Non-empty tiles of C = 629216
nnzC = 43456244
CUDA  TileSpGEMM runtime is 35.94 ms, gflops = 58.23

=== Benchmark complete: Sun Mar 29 20:33:09 MDT 2026 ===
Results saved to: /uufs/chpc.utah.edu/common/home/u1446071/repos/gpu_spgemm_bench/results/tilespgemm_full_a100_20260329_185003.txt
